DATE,REGION,HOUSING STARTS
1959-01-01,United States,96.2
1959-01-01,Northeast,15.4
1959-01-01,Midwest,19.8
1959-01-01,South,34.5
1959-01-01,West,26.6
1959-02-01,United States,99
1959-02-01,Northeast,16.5
1959-02-01,Midwest,19.3
1959-02-01,South,37.7
1959-02-01,West,25.6
1959-03-01,United States,127.7
1959-03-01,Northeast,23
1959-03-01,Midwest,27.9
1959-03-01,South,43.8
1959-03-01,West,32.9
1959-04-01,United States,150.8
1959-04-01,Northeast,27.2
1959-04-01,Midwest,38.5
1959-04-01,South,49.4
1959-04-01,West,35.6
1959-05-01,United States,152.5
1959-05-01,Northeast,28.1
1959-05-01,Midwest,39.2
1959-05-01,South,48.1
1959-05-01,West,37.1
1959-06-01,United States,147.8
1959-06-01,Northeast,28.2
1959-06-01,Midwest,38.5
1959-06-01,South,46.5
1959-06-01,West,34.6
1959-07-01,United States,148.1
1959-07-01,Northeast,26.8
1959-07-01,Midwest,39.4
1959-07-01,South,49.1
1959-07-01,West,32.9
1959-08-01,United States,138.2
1959-08-01,Northeast,23.4
1959-08-01,Midwest,38.4
1959-08-01,South,44
1959-08-01,West,32.3
1959-09-01,United States,136.4
1959-09-01,Northeast,23.7
1959-09-01,Midwest,35.2
1959-09-01,South,47.1
1959-09-01,West,30.4
1959-10-01,United States,120
1959-10-01,Northeast,22.7
1959-10-01,Midwest,28.6
1959-10-01,South,37.6
1959-10-01,West,31.1
1959-11-01,United States,104.7
1959-11-01,Northeast,18.6
1959-11-01,Midwest,23.4
1959-11-01,South,37.3
1959-11-01,West,25.5
1959-12-01,United States,95.6
1959-12-01,Northeast,15.1
1959-12-01,Midwest,19.3
1959-12-01,South,36.4
1959-12-01,West,24.8
1960-01-01,United States,86
1960-01-01,Northeast,11.9
1960-01-01,Midwest,15.3
1960-01-01,South,34.3
1960-01-01,West,24.5
1960-02-01,United States,90.7
1960-02-01,Northeast,12.4
1960-02-01,Midwest,15.3
1960-02-01,South,35.8
1960-02-01,West,27.1
1960-03-01,United States,90.5
1960-03-01,Northeast,10.1
1960-03-01,Midwest,13.7
1960-03-01,South,38
1960-03-01,West,28.7
1960-04-01,United States,123
1960-04-01,Northeast,22
1960-04-01,Midwest,29
1960-04-01,South,42.9
1960-04-01,West,29.1
1960-05-01,United States,130.2
1960-05-01,Northeast,23.5
1960-05-01,Midwest,33.4
1960-05-01,South,45
1960-05-01,West,28.3
1960-06-01,United States,122.8
1960-06-01,Northeast,22.9
1960-06-01,Midwest,36
1960-06-01,South,36.5
1960-06-01,West,27.4
1960-07-01,United States,114.3
1960-07-01,Northeast,19.4
1960-07-01,Midwest,32.1
1960-07-01,South,36.3
1960-07-01,West,26.4
1960-08-01,United States,130.3
1960-08-01,Northeast,23.6
1960-08-01,Midwest,31.4
1960-08-01,South,44.8
1960-08-01,West,30.5
1960-09-01,United States,96.9
1960-09-01,Northeast,18.8
1960-09-01,Midwest,27.9
1960-09-01,South,32.1
1960-09-01,West,18.2
1960-10-01,United States,110.4
1960-10-01,Northeast,25.2
1960-10-01,Midwest,25.9
1960-10-01,South,32.8
1960-10-01,West,26.5
1960-11-01,United States,92.8
1960-11-01,Northeast,23
1960-11-01,Midwest,19.9
1960-11-01,South,29.2
1960-11-01,West,20.7
1960-12-01,United States,64.2
1960-12-01,Northeast,8.5
1960-12-01,Midwest,11.9
1960-12-01,South,21.8
1960-12-01,West,22
1961-01-01,United States,70.4
1961-01-01,Northeast,6.3
1961-01-01,Midwest,12.9
1961-01-01,South,28.6
1961-01-01,West,22.6
1961-02-01,United States,74.1
1961-02-01,Northeast,10
1961-02-01,Midwest,10.5
1961-02-01,South,32.1
1961-02-01,West,21.6
1961-03-01,United States,104.2
1961-03-01,Northeast,15.5
1961-03-01,Midwest,20.4
1961-03-01,South,38.9
1961-03-01,West,29.4
1961-04-01,United States,112.8
1961-04-01,Northeast,23.6
1961-04-01,Midwest,25.4
1961-04-01,South,38.1
1961-04-01,West,25.7
1961-05-01,United States,127.6
1961-05-01,Northeast,25.9
1961-05-01,Midwest,31
1961-05-01,South,45.1
1961-05-01,West,25.5
1961-06-01,United States,134.8
1961-06-01,Northeast,29.1
1961-06-01,Midwest,31.7
1961-06-01,South,43.8
1961-06-01,West,30.2
1961-07-01,United States,126.6
1961-07-01,Northeast,25.3
1961-07-01,Midwest,27.8
1961-07-01,South,44.9
1961-07-01,West,28.7
1961-08-01,United States,127.1
1961-08-01,Northeast,24
1961-08-01,Midwest,28.7
1961-08-01,South,47.2
1961-08-01,West,27.3
1961-09-01,United States,125.4
1961-09-01,Northeast,29.4
1961-09-01,Midwest,27.2
1961-09-01,South,42.5
1961-09-01,West,26.3
1961-10-01,United States,124.8
1961-10-01,Northeast,23.2
1961-10-01,Midwest,27.6
1961-10-01,South,43.6
1961-10-01,West,30.5
1961-11-01,United States,103
1961-11-01,Northeast,19.2
1961-11-01,Midwest,21.1
1961-11-01,South,36.9
1961-11-01,West,25.8
1961-12-01,United States,82.2
1961-12-01,Northeast,15
1961-12-01,Midwest,13.5
1961-12-01,South,31.1
1961-12-01,West,22.7
1962-01-01,United States,81.2
1962-01-01,Northeast,11.5
1962-01-01,Midwest,9.5
1962-01-01,South,32
1962-01-01,West,28.2
1962-02-01,United States,77.1
1962-02-01,Northeast,9.1
1962-02-01,Midwest,10.3
1962-02-01,South,35.6
1962-02-01,West,22.1
1962-03-01,United States,116.2
1962-03-01,Northeast,16.9
1962-03-01,Midwest,18.3
1962-03-01,South,49.4
1962-03-01,West,31.7
1962-04-01,United States,147.8
1962-04-01,Northeast,29.4
1962-04-01,Midwest,34.4
1962-04-01,South,46.7
1962-04-01,West,37.2
1962-05-01,United States,155.2
1962-05-01,Northeast,32.5
1962-05-01,Midwest,34.1
1962-05-01,South,51.2
1962-05-01,West,37.4
1962-06-01,United States,136.8
1962-06-01,Northeast,30.5
1962-06-01,Midwest,29.3
1962-06-01,South,45.9
1962-06-01,West,31.1
1962-07-01,United States,136.5
1962-07-01,Northeast,25.3
1962-07-01,Midwest,28.9
1962-07-01,South,48.2
1962-07-01,West,34.2
1962-08-01,United States,147.7
1962-08-01,Northeast,28.3
1962-08-01,Midwest,34
1962-08-01,South,51.1
1962-08-01,West,34.3
1962-09-01,United States,114.3
1962-09-01,Northeast,21.5
1962-09-01,Midwest,23.5
1962-09-01,South,38.6
1962-09-01,West,30.8
1962-10-01,United States,135.2
1962-10-01,Northeast,20
1962-10-01,Midwest,29.3
1962-10-01,South,53.7
1962-10-01,West,32.2
1962-11-01,United States,120.9
1962-11-01,Northeast,19.4
1962-11-01,Midwest,24.6
1962-11-01,South,43.7
1962-11-01,West,33.2
1962-12-01,United States,93.9
1962-12-01,Northeast,19.4
1962-12-01,Midwest,13.4
1962-12-01,South,35.2
1962-12-01,West,25.9
1963-01-01,United States,79
1963-01-01,Northeast,6.5
1963-01-01,Midwest,6.2
1963-01-01,South,32.9
1963-01-01,West,33.4
1963-02-01,United States,89.6
1963-02-01,Northeast,9.3
1963-02-01,Midwest,9.8
1963-02-01,South,37.4
1963-02-01,West,33.2
1963-03-01,United States,124.8
1963-03-01,Northeast,16
1963-03-01,Midwest,17.3
1963-03-01,South,56.8
1963-03-01,West,34.8
1963-04-01,United States,164.2
1963-04-01,Northeast,34.9
1963-04-01,Midwest,36.6
1963-04-01,South,52.7
1963-04-01,West,40
1963-05-01,United States,172.7
1963-05-01,Northeast,30.4
1963-05-01,Midwest,42.7
1963-05-01,South,56.4
1963-05-01,West,43.2
1963-06-01,United States,154.2
1963-06-01,Northeast,26.5
1963-06-01,Midwest,38.4
1963-06-01,South,51
1963-06-01,West,38.4
1963-07-01,United States,151.3
1963-07-01,Northeast,23.3
1963-07-01,Midwest,31.7
1963-07-01,South,57.4
1963-07-01,West,38.9
1963-08-01,United States,144
1963-08-01,Northeast,26.1
1963-08-01,Midwest,32.6
1963-08-01,South,50.4
1963-08-01,West,34.9
1963-09-01,United States,143.7
1963-09-01,Northeast,22.8
1963-09-01,Midwest,32.2
1963-09-01,South,55.4
1963-09-01,West,33.3
1963-10-01,United States,165.3
1963-10-01,Northeast,30.3
1963-10-01,Midwest,38
1963-10-01,South,58.3
1963-10-01,West,38.7
1963-11-01,United States,119.3
1963-11-01,Northeast,22.3
1963-11-01,Midwest,25.7
1963-11-01,South,43.5
1963-11-01,West,27.8
1963-12-01,United States,95
1963-12-01,Northeast,12.6
1963-12-01,Midwest,18
1963-12-01,South,34
1963-12-01,West,30.3
1964-01-01,United States,97.9
1964-01-01,Northeast,9.1
1964-01-01,Midwest,13.2
1964-01-01,South,40.6
1964-01-01,West,34.9
1964-02-01,United States,101.3
1964-02-01,Northeast,8.6
1964-02-01,Midwest,19.1
1964-02-01,South,42.7
1964-02-01,West,30.8
1964-03-01,United States,129.1
1964-03-01,Northeast,17.3
1964-03-01,Midwest,24.2
1964-03-01,South,55
1964-03-01,West,32.7
1964-04-01,United States,147.1
1964-04-01,Northeast,24.6
1964-04-01,Midwest,33
1964-04-01,South,53.7
1964-04-01,West,35.9
1964-05-01,United States,152.8
1964-05-01,Northeast,29.1
1964-05-01,Midwest,37.9
1964-05-01,South,54.8
1964-05-01,West,31.1
1964-06-01,United States,157.2
1964-06-01,Northeast,28.2
1964-06-01,Midwest,40.3
1964-06-01,South,56.4
1964-06-01,West,32.3
1964-07-01,United States,140.6
1964-07-01,Northeast,24.2
1964-07-01,Midwest,31.7
1964-07-01,South,50.6
1964-07-01,West,34.1
1964-08-01,United States,138.3
1964-08-01,Northeast,24.7
1964-08-01,Midwest,33.2
1964-08-01,South,50.3
1964-08-01,West,30.1
1964-09-01,United States,119.8
1964-09-01,Northeast,19.9
1964-09-01,Midwest,29.3
1964-09-01,South,44.5
1964-09-01,West,26.1
1964-10-01,United States,141.2
1964-10-01,Northeast,27.3
1964-10-01,Midwest,36.7
1964-10-01,South,52
1964-10-01,West,25.2
1964-11-01,United States,110.6
1964-11-01,Northeast,21.8
1964-11-01,Midwest,26.1
1964-11-01,South,40.1
1964-11-01,West,22.6
1964-12-01,United States,93
1964-12-01,Northeast,19.8
1964-12-01,Midwest,15
1964-12-01,South,37.1
1964-12-01,West,21.1
1965-01-01,United States,81.7
1965-01-01,Northeast,6.4
1965-01-01,Midwest,11.6
1965-01-01,South,43.9
1965-01-01,West,19.8
1965-02-01,United States,80.9
1965-02-01,Northeast,9.3
1965-02-01,Midwest,11
1965-02-01,South,38.8
1965-02-01,West,21.8
1965-03-01,United States,119.9
1965-03-01,Northeast,19.8
1965-03-01,Midwest,22.6
1965-03-01,South,49.7
1965-03-01,West,27.8
1965-04-01,United States,148.6
1965-04-01,Northeast,31.1
1965-04-01,Midwest,38.2
1965-04-01,South,53.6
1965-04-01,West,25.7
1965-05-01,United States,153.3
1965-05-01,Northeast,30.5
1965-05-01,Midwest,39.4
1965-05-01,South,54.8
1965-05-01,West,28.6
1965-06-01,United States,151.8
1965-06-01,Northeast,30
1965-06-01,Midwest,43.6
1965-06-01,South,53.9
1965-06-01,West,24.3
1965-07-01,United States,139.1
1965-07-01,Northeast,24
1965-07-01,Midwest,39.5
1965-07-01,South,53.9
1965-07-01,West,21.8
1965-08-01,United States,128.3
1965-08-01,Northeast,24.7
1965-08-01,Midwest,31.7
1965-08-01,South,51.5
1965-08-01,West,20.4
1965-09-01,United States,124.6
1965-09-01,Northeast,24.8
1965-09-01,Midwest,32.9
1965-09-01,South,46.1
1965-09-01,West,20.8
1965-10-01,United States,133.1
1965-10-01,Northeast,25
1965-10-01,Midwest,35.6
1965-10-01,South,48.7
1965-10-01,West,23.9
1965-11-01,United States,110.5
1965-11-01,Northeast,24.8
1965-11-01,Midwest,30
1965-11-01,South,39.1
1965-11-01,West,16.6
1965-12-01,United States,101.1
1965-12-01,Northeast,19.8
1965-12-01,Midwest,25.4
1965-12-01,South,40.8
1965-12-01,West,15.1
1966-01-01,United States,79.4
1966-01-01,Northeast,10.8
1966-01-01,Midwest,13.9
1966-01-01,South,33.3
1966-01-01,West,21.4
1966-02-01,United States,76.2
1966-02-01,Northeast,8.5
1966-02-01,Midwest,13.5
1966-02-01,South,37.7
1966-02-01,West,16.6
1966-03-01,United States,118.1
1966-03-01,Northeast,17.4
1966-03-01,Midwest,27.3
1966-03-01,South,52.1
1966-03-01,West,21.3
1966-04-01,United States,140.9
1966-04-01,Northeast,27.8
1966-04-01,Midwest,38.8
1966-04-01,South,50.2
1966-04-01,West,24
1966-05-01,United States,130
1966-05-01,Northeast,22.4
1966-05-01,Midwest,34.4
1966-05-01,South,51
1966-05-01,West,22.2
1966-06-01,United States,120.6
1966-06-01,Northeast,23.2
1966-06-01,Midwest,32.5
1966-06-01,South,47.3
1966-06-01,West,17.6
1966-07-01,United States,99.2
1966-07-01,Northeast,19.5
1966-07-01,Midwest,24.2
1966-07-01,South,40.7
1966-07-01,West,14.9
1966-08-01,United States,101.8
1966-08-01,Northeast,22.4
1966-08-01,Midwest,28.1
1966-08-01,South,35.7
1966-08-01,West,15.7
1966-09-01,United States,89.1
1966-09-01,Northeast,16.8
1966-09-01,Midwest,24.8
1966-09-01,South,35.7
1966-09-01,West,11.8
1966-10-01,United States,76.6
1966-10-01,Northeast,11.9
1966-10-01,Midwest,21.3
1966-10-01,South,32.3
1966-10-01,West,11
1966-11-01,United States,72.8
1966-11-01,Northeast,15.4
1966-11-01,Midwest,16.1
1966-11-01,South,30.7
1966-11-01,West,10.6
1966-12-01,United States,60.2
1966-12-01,Northeast,10.5
1966-12-01,Midwest,13.4
1966-12-01,South,25.9
1966-12-01,West,10.5
1967-01-01,United States,59.1
1967-01-01,Northeast,8
1967-01-01,Midwest,10.8
1967-01-01,South,29.7
1967-01-01,West,10.5
1967-02-01,United States,61.4
1967-02-01,Northeast,8.9
1967-02-01,Midwest,9.8
1967-02-01,South,29.8
1967-02-01,West,12.9
1967-03-01,United States,91.5
1967-03-01,Northeast,9.1
1967-03-01,Midwest,20.9
1967-03-01,South,44.8
1967-03-01,West,16.6
1967-04-01,United States,113.7
1967-04-01,Northeast,20
1967-04-01,Midwest,30.9
1967-04-01,South,45.8
1967-04-01,West,17
1967-05-01,United States,132
1967-05-01,Northeast,22.4
1967-05-01,Midwest,39.4
1967-05-01,South,47.9
1967-05-01,West,22.3
1967-06-01,United States,125.4
1967-06-01,Northeast,19.6
1967-06-01,Midwest,36.4
1967-06-01,South,48.8
1967-06-01,West,20.6
1967-07-01,United States,125.3
1967-07-01,Northeast,27.5
1967-07-01,Midwest,32.4
1967-07-01,South,45
1967-07-01,West,20.4
1967-08-01,United States,127.4
1967-08-01,Northeast,17.4
1967-08-01,Midwest,36.8
1967-08-01,South,49.5
1967-08-01,West,23.7
1967-09-01,United States,121.9
1967-09-01,Northeast,25.8
1967-09-01,Midwest,29.3
1967-09-01,South,46
1967-09-01,West,20.8
1967-10-01,United States,135.4
1967-10-01,Northeast,24.9
1967-10-01,Midwest,38.6
1967-10-01,South,50.2
1967-10-01,West,21.7
1967-11-01,United States,118.4
1967-11-01,Northeast,20.4
1967-11-01,Midwest,32.1
1967-11-01,South,48.5
1967-11-01,West,17.5
1967-12-01,United States,80.1
1967-12-01,Northeast,10.8
1967-12-01,Midwest,19.8
1967-12-01,South,33.4
1967-12-01,West,16.1
1968-01-01,United States,80.5
1968-01-01,Northeast,8.3
1968-01-01,Midwest,14.9
1968-01-01,South,34.4
1968-01-01,West,22.9
1968-02-01,United States,84.6
1968-02-01,Northeast,7.1
1968-02-01,Midwest,14.5
1968-02-01,South,42.8
1968-02-01,West,20.2
1968-03-01,United States,126.6
1968-03-01,Northeast,12.2
1968-03-01,Midwest,29.4
1968-03-01,South,59.4
1968-03-01,West,25.5
1968-04-01,United States,162
1968-04-01,Northeast,26
1968-04-01,Midwest,45
1968-04-01,South,59.6
1968-04-01,West,31.4
1968-05-01,United States,140.9
1968-05-01,Northeast,23.4
1968-05-01,Midwest,35.5
1968-05-01,South,55
1968-05-01,West,26.8
1968-06-01,United States,137.9
1968-06-01,Northeast,21.2
1968-06-01,Midwest,38.1
1968-06-01,South,52.6
1968-06-01,West,26
1968-07-01,United States,139.8
1968-07-01,Northeast,28.6
1968-07-01,Midwest,35.8
1968-07-01,South,54.7
1968-07-01,West,20.8
1968-08-01,United States,136.6
1968-08-01,Northeast,24.9
1968-08-01,Midwest,32.9
1968-08-01,South,54.2
1968-08-01,West,24.6
1968-09-01,United States,134.2
1968-09-01,Northeast,24.8
1968-09-01,Midwest,32.9
1968-09-01,South,50.5
1968-09-01,West,25.9
1968-10-01,United States,140.8
1968-10-01,Northeast,21.1
1968-10-01,Midwest,37.5
1968-10-01,South,56.5
1968-10-01,West,25.7
1968-11-01,United States,127.1
1968-11-01,Northeast,16.7
1968-11-01,Midwest,31.3
1968-11-01,South,56.5
1968-11-01,West,22.6
1968-12-01,United States,96.4
1968-12-01,Northeast,12.4
1968-12-01,Midwest,20.6
1968-12-01,South,42.3
1968-12-01,West,21.1
1969-01-01,United States,101.5
1969-01-01,Northeast,10.9
1969-01-01,Midwest,20.7
1969-01-01,South,49.6
1969-01-01,West,20.3
1969-02-01,United States,90.1
1969-02-01,Northeast,7.8
1969-02-01,Midwest,20.7
1969-02-01,South,44.5
1969-02-01,West,17.2
1969-03-01,United States,131.9
1969-03-01,Northeast,18.4
1969-03-01,Midwest,30.5
1969-03-01,South,52.9
1969-03-01,West,30
1969-04-01,United States,159
1969-04-01,Northeast,28.4
1969-04-01,Midwest,40.6
1969-04-01,South,54.4
1969-04-01,West,35.7
1969-05-01,United States,155.5
1969-05-01,Northeast,26.6
1969-05-01,Midwest,37.8
1969-05-01,South,57.5
1969-05-01,West,33.6
1969-06-01,United States,147.3
1969-06-01,Northeast,24.8
1969-06-01,Midwest,33.7
1969-06-01,South,58.2
1969-06-01,West,30.6
1969-07-01,United States,125.2
1969-07-01,Northeast,17.7
1969-07-01,Midwest,27.5
1969-07-01,South,50.4
1969-07-01,West,29.6
1969-08-01,United States,124.9
1969-08-01,Northeast,18.6
1969-08-01,Midwest,37.2
1969-08-01,South,45.8
1969-08-01,West,23.4
1969-09-01,United States,129.3
1969-09-01,Northeast,13.3
1969-09-01,Midwest,34.9
1969-09-01,South,51.1
1969-09-01,West,30
1969-10-01,United States,123.4
1969-10-01,Northeast,17
1969-10-01,Midwest,28.8
1969-10-01,South,48.9
1969-10-01,West,28.7
1969-11-01,United States,94.6
1969-11-01,Northeast,13.2
1969-11-01,Midwest,20.6
1969-11-01,South,38.3
1969-11-01,West,22.4
1969-12-01,United States,84.1
1969-12-01,Northeast,9.5
1969-12-01,Midwest,15.8
1969-12-01,South,36.9
1969-12-01,West,22
1970-01-01,United States,66.4
1970-01-01,Northeast,6.2
1970-01-01,Midwest,11
1970-01-01,South,30.8
1970-01-01,West,18.4
1970-02-01,United States,74.3
1970-02-01,Northeast,8.3
1970-02-01,Midwest,8.9
1970-02-01,South,35.5
1970-02-01,West,21.5
1970-03-01,United States,114.7
1970-03-01,Northeast,18.7
1970-03-01,Midwest,22.4
1970-03-01,South,49.5
1970-03-01,West,24.1
1970-04-01,United States,128.4
1970-04-01,Northeast,24.7
1970-04-01,Midwest,29.7
1970-04-01,South,50.1
1970-04-01,West,23.9
1970-05-01,United States,125
1970-05-01,Northeast,20.6
1970-05-01,Midwest,24.3
1970-05-01,South,53.8
1970-05-01,West,26.3
1970-06-01,United States,135.2
1970-06-01,Northeast,17.9
1970-06-01,Midwest,32.3
1970-06-01,South,57
1970-06-01,West,28
1970-07-01,United States,140.8
1970-07-01,Northeast,28.1
1970-07-01,Midwest,29
1970-07-01,South,55.8
1970-07-01,West,27.9
1970-08-01,United States,128.7
1970-08-01,Northeast,18.1
1970-08-01,Midwest,28.4
1970-08-01,South,55.7
1970-08-01,West,26.5
1970-09-01,United States,130.9
1970-09-01,Northeast,19.2
1970-09-01,Midwest,24.6
1970-09-01,South,56
1970-09-01,West,31.2
1970-10-01,United States,140.9
1970-10-01,Northeast,22.1
1970-10-01,Midwest,31.9
1970-10-01,South,55.6
1970-10-01,West,31.2
1970-11-01,United States,126.9
1970-11-01,Northeast,20.5
1970-11-01,Midwest,28.5
1970-11-01,South,54.5
1970-11-01,West,23.3
1970-12-01,United States,121.4
1970-12-01,Northeast,13.4
1970-12-01,Midwest,22.4
1970-12-01,South,57.3
1970-12-01,West,28.4
1971-01-01,United States,110.6
1971-01-01,Northeast,9.8
1971-01-01,Midwest,13.8
1971-01-01,South,50.3
1971-01-01,West,36.7
1971-02-01,United States,102.2
1971-02-01,Northeast,8.1
1971-02-01,Midwest,12.4
1971-02-01,South,50.5
1971-02-01,West,31.2
1971-03-01,United States,167.9
1971-03-01,Northeast,15.9
1971-03-01,Midwest,34.2
1971-03-01,South,76.5
1971-03-01,West,41.4
1971-04-01,United States,201.1
1971-04-01,Northeast,26.5
1971-04-01,Midwest,53.2
1971-04-01,South,77.5
1971-04-01,West,43.9
1971-05-01,United States,198.5
1971-05-01,Northeast,29.2
1971-05-01,Midwest,38.5
1971-05-01,South,81.3
1971-05-01,West,49.6
1971-06-01,United States,193.8
1971-06-01,Northeast,23.5
1971-06-01,Midwest,40.9
1971-06-01,South,83.9
1971-06-01,West,45.4
1971-07-01,United States,194.3
1971-07-01,Northeast,32.1
1971-07-01,Midwest,40.5
1971-07-01,South,75.3
1971-07-01,West,46.5
1971-08-01,United States,204.5
1971-08-01,Northeast,27.9
1971-08-01,Midwest,49.2
1971-08-01,South,85.7
1971-08-01,West,41.7
1971-09-01,United States,173.8
1971-09-01,Northeast,21.3
1971-09-01,Midwest,40.1
1971-09-01,South,73.2
1971-09-01,West,39.2
1971-10-01,United States,179.7
1971-10-01,Northeast,21.5
1971-10-01,Midwest,41.2
1971-10-01,South,77.6
1971-10-01,West,39.4
1971-11-01,United States,173.7
1971-11-01,Northeast,25.1
1971-11-01,Midwest,41.6
1971-11-01,South,71.7
1971-11-01,West,35.3
1971-12-01,United States,152.1
1971-12-01,Northeast,23.1
1971-12-01,Midwest,28.6
1971-12-01,South,65.2
1971-12-01,West,35.3
1972-01-01,United States,149.1
1972-01-01,Northeast,17.5
1972-01-01,Midwest,18.5
1972-01-01,South,63.7
1972-01-01,West,49.4
1972-02-01,United States,152.2
1972-02-01,Northeast,9.2
1972-02-01,Midwest,20.5
1972-02-01,South,80.7
1972-02-01,West,41.7
1972-03-01,United States,203.9
1972-03-01,Northeast,24
1972-03-01,Midwest,30.1
1972-03-01,South,97.3
1972-03-01,West,52.5
1972-04-01,United States,211.6
1972-04-01,Northeast,28.6
1972-04-01,Midwest,40.6
1972-04-01,South,99.3
1972-04-01,West,43.1
1972-05-01,United States,225.8
1972-05-01,Northeast,30.9
1972-05-01,Midwest,52.1
1972-05-01,South,96.4
1972-05-01,West,46.4
1972-06-01,United States,223.1
1972-06-01,Northeast,30.2
1972-06-01,Midwest,47.3
1972-06-01,South,95.4
1972-06-01,West,50.3
1972-07-01,United States,206.5
1972-07-01,Northeast,35.8
1972-07-01,Midwest,41.3
1972-07-01,South,86.7
1972-07-01,West,42.8
1972-08-01,United States,228.6
1972-08-01,Northeast,34.1
1972-08-01,Midwest,50.9
1972-08-01,South,94.1
1972-08-01,West,49.5
1972-09-01,United States,203
1972-09-01,Northeast,28.6
1972-09-01,Midwest,43.1
1972-09-01,South,89.1
1972-09-01,West,42.2
1972-10-01,United States,216.5
1972-10-01,Northeast,33.2
1972-10-01,Midwest,45.9
1972-10-01,South,98.4
1972-10-01,West,39.1
1972-11-01,United States,185.7
1972-11-01,Northeast,30.8
1972-11-01,Midwest,33.4
1972-11-01,South,83.8
1972-11-01,West,37.7
1972-12-01,United States,150.5
1972-12-01,Northeast,26.6
1972-12-01,Midwest,19.2
1972-12-01,South,71.9
1972-12-01,West,32.8
1973-01-01,United States,146.6
1973-01-01,Northeast,14.2
1973-01-01,Midwest,25.5
1973-01-01,South,69.4
1973-01-01,West,37.4
1973-02-01,United States,138
1973-02-01,Northeast,12.2
1973-02-01,Midwest,21.8
1973-02-01,South,72.9
1973-02-01,West,31.1
1973-03-01,United States,200
1973-03-01,Northeast,23.4
1973-03-01,Midwest,33.5
1973-03-01,South,107
1973-03-01,West,36.1
1973-04-01,United States,205
1973-04-01,Northeast,32
1973-04-01,Midwest,41.5
1973-04-01,South,82.1
1973-04-01,West,49.4
1973-05-01,United States,234
1973-05-01,Northeast,29
1973-05-01,Midwest,55.8
1973-05-01,South,96.9
1973-05-01,West,52.3
1973-06-01,United States,202.6
1973-06-01,Northeast,32.1
1973-06-01,Midwest,49.6
1973-06-01,South,78.7
1973-06-01,West,42.2
1973-07-01,United States,202.6
1973-07-01,Northeast,26.1
1973-07-01,Midwest,45.7
1973-07-01,South,94.3
1973-07-01,West,36.5
1973-08-01,United States,197.2
1973-08-01,Northeast,27.8
1973-08-01,Midwest,51.1
1973-08-01,South,77.3
1973-08-01,West,41
1973-09-01,United States,148.4
1973-09-01,Northeast,22.7
1973-09-01,Midwest,35.7
1973-09-01,South,59.7
1973-09-01,West,30.4
1973-10-01,United States,147.1
1973-10-01,Northeast,22.9
1973-10-01,Midwest,37.7
1973-10-01,South,58.8
1973-10-01,West,27.7
1973-11-01,United States,133.3
1973-11-01,Northeast,21.2
1973-11-01,Midwest,25.8
1973-11-01,South,60.5
1973-11-01,West,25.7
1973-12-01,United States,90.4
1973-12-01,Northeast,13.5
1973-12-01,Midwest,16.2
1973-12-01,South,41.7
1973-12-01,West,19
1974-01-01,United States,84.5
1974-01-01,Northeast,10.2
1974-01-01,Midwest,13.3
1974-01-01,South,42.6
1974-01-01,West,18.3
1974-02-01,United States,109.4
1974-02-01,Northeast,11.2
1974-02-01,Midwest,15.4
1974-02-01,South,59.2
1974-02-01,West,23.6
1974-03-01,United States,124.8
1974-03-01,Northeast,15.1
1974-03-01,Midwest,22.8
1974-03-01,South,59.1
1974-03-01,West,27.8
1974-04-01,United States,159.5
1974-04-01,Northeast,20
1974-04-01,Midwest,37.7
1974-04-01,South,68
1974-04-01,West,33.8
1974-05-01,United States,149
1974-05-01,Northeast,19.8
1974-05-01,Midwest,33.1
1974-05-01,South,62.3
1974-05-01,West,33.8
1974-06-01,United States,147.6
1974-06-01,Northeast,22.7
1974-06-01,Midwest,38.3
1974-06-01,South,55.4
1974-06-01,West,31.1
1974-07-01,United States,126.6
1974-07-01,Northeast,17.1
1974-07-01,Midwest,34.5
1974-07-01,South,47.4
1974-07-01,West,27.5
1974-08-01,United States,111.1
1974-08-01,Northeast,16
1974-08-01,Midwest,32.8
1974-08-01,South,38.5
1974-08-01,West,23.8
1974-09-01,United States,98.3
1974-09-01,Northeast,18.1
1974-09-01,Midwest,25.6
1974-09-01,South,35.5
1974-09-01,West,19.1
1974-10-01,United States,96.7
1974-10-01,Northeast,14.9
1974-10-01,Midwest,26.9
1974-10-01,South,36.3
1974-10-01,West,18.7
1974-11-01,United States,75.1
1974-11-01,Northeast,9.8
1974-11-01,Midwest,23.2
1974-11-01,South,26.7
1974-11-01,West,15.4
1974-12-01,United States,55.1
1974-12-01,Northeast,8.2
1974-12-01,Midwest,13.6
1974-12-01,South,21.7
1974-12-01,West,11.6
1975-01-01,United States,56.1
1975-01-01,Northeast,5.7
1975-01-01,Midwest,11.6
1975-01-01,South,25.1
1975-01-01,West,13.7
1975-02-01,United States,54.7
1975-02-01,Northeast,8.4
1975-02-01,Midwest,8.3
1975-02-01,South,26.7
1975-02-01,West,11.3
1975-03-01,United States,80.2
1975-03-01,Northeast,8.1
1975-03-01,Midwest,16.8
1975-03-01,South,35.7
1975-03-01,West,19.6
1975-04-01,United States,97.9
1975-04-01,Northeast,12.2
1975-04-01,Midwest,22.1
1975-04-01,South,40
1975-04-01,West,23.6
1975-05-01,United States,116.1
1975-05-01,Northeast,16
1975-05-01,Midwest,29.1
1975-05-01,South,41.8
1975-05-01,West,29.2
1975-06-01,United States,110.3
1975-06-01,Northeast,14.1
1975-06-01,Midwest,31.2
1975-06-01,South,36.1
1975-06-01,West,29
1975-07-01,United States,119.3
1975-07-01,Northeast,18.4
1975-07-01,Midwest,32.8
1975-07-01,South,39.7
1975-07-01,West,28.4
1975-08-01,United States,117.3
1975-08-01,Northeast,14.8
1975-08-01,Midwest,35.5
1975-08-01,South,41.6
1975-08-01,West,25.4
1975-09-01,United States,111.9
1975-09-01,Northeast,13.7
1975-09-01,Midwest,29.9
1975-09-01,South,42.8
1975-09-01,West,25.5
1975-10-01,United States,123.6
1975-10-01,Northeast,15.5
1975-10-01,Midwest,36.3
1975-10-01,South,42
1975-10-01,West,29.8
1975-11-01,United States,96.9
1975-11-01,Northeast,13
1975-11-01,Midwest,24.1
1975-11-01,South,38.4
1975-11-01,West,21.4
1975-12-01,United States,76.1
1975-12-01,Northeast,9.3
1975-12-01,Midwest,16.5
1975-12-01,South,32.2
1975-12-01,West,18.1
1976-01-01,United States,72.5
1976-01-01,Northeast,5
1976-01-01,Midwest,9.4
1976-01-01,South,34.8
1976-01-01,West,23.3
1976-02-01,United States,89.9
1976-02-01,Northeast,7.1
1976-02-01,Midwest,15.5
1976-02-01,South,43.8
1976-02-01,West,23.5
1976-03-01,United States,118.4
1976-03-01,Northeast,14.1
1976-03-01,Midwest,27.1
1976-03-01,South,47.3
1976-03-01,West,29.9
1976-04-01,United States,137.2
1976-04-01,Northeast,15.6
1976-04-01,Midwest,38.9
1976-04-01,South,50.7
1976-04-01,West,32
1976-05-01,United States,147.9
1976-05-01,Northeast,15.5
1976-05-01,Midwest,44.9
1976-05-01,South,47.5
1976-05-01,West,39.9
1976-06-01,United States,154.2
1976-06-01,Northeast,17.9
1976-06-01,Midwest,43.2
1976-06-01,South,54.1
1976-06-01,West,39.1
1976-07-01,United States,136.6
1976-07-01,Northeast,14.7
1976-07-01,Midwest,38.7
1976-07-01,South,49.8
1976-07-01,West,33.5
1976-08-01,United States,145.9
1976-08-01,Northeast,16.1
1976-08-01,Midwest,42.8
1976-08-01,South,51.9
1976-08-01,West,35.1
1976-09-01,United States,151.8
1976-09-01,Northeast,15.3
1976-09-01,Midwest,44.2
1976-09-01,South,55.3
1976-09-01,West,37.1
1976-10-01,United States,148.4
1976-10-01,Northeast,16.3
1976-10-01,Midwest,42.7
1976-10-01,South,49.2
1976-10-01,West,40.3
1976-11-01,United States,127.1
1976-11-01,Northeast,19.6
1976-11-01,Midwest,30.7
1976-11-01,South,43.6
1976-11-01,West,33.1
1976-12-01,United States,107.4
1976-12-01,Northeast,12.1
1976-12-01,Midwest,21.9
1976-12-01,South,40.5
1976-12-01,West,33
1977-01-01,United States,81.3
1977-01-01,Northeast,4.3
1977-01-01,Midwest,7.1
1977-01-01,South,33
1977-01-01,West,36.9
1977-02-01,United States,112.5
1977-02-01,Northeast,4.9
1977-02-01,Midwest,16
1977-02-01,South,51.4
1977-02-01,West,40.2
1977-03-01,United States,173.6
1977-03-01,Northeast,14.8
1977-03-01,Midwest,34.5
1977-03-01,South,75.9
1977-03-01,West,48.5
1977-04-01,United States,182.2
1977-04-01,Northeast,17.8
1977-04-01,Midwest,45.3
1977-04-01,South,73
1977-04-01,West,46.1
1977-05-01,United States,201.3
1977-05-01,Northeast,22.2
1977-05-01,Midwest,57.2
1977-05-01,South,72.8
1977-05-01,West,49.1
1977-06-01,United States,197.6
1977-06-01,Northeast,21.6
1977-06-01,Midwest,56.6
1977-06-01,South,68.5
1977-06-01,West,50.9
1977-07-01,United States,189.8
1977-07-01,Northeast,22
1977-07-01,Midwest,46.6
1977-07-01,South,69.2
1977-07-01,West,52.1
1977-08-01,United States,194
1977-08-01,Northeast,24.4
1977-08-01,Midwest,45.7
1977-08-01,South,76.9
1977-08-01,West,47
1977-09-01,United States,177.7
1977-09-01,Northeast,16.2
1977-09-01,Midwest,42.9
1977-09-01,South,73.6
1977-09-01,West,45
1977-10-01,United States,193.1
1977-10-01,Northeast,23.2
1977-10-01,Midwest,52.3
1977-10-01,South,72.9
1977-10-01,West,44.6
1977-11-01,United States,154.8
1977-11-01,Northeast,19.3
1977-11-01,Midwest,38.5
1977-11-01,South,59.3
1977-11-01,West,37.7
1977-12-01,United States,129.2
1977-12-01,Northeast,10.7
1977-12-01,Midwest,22.1
1977-12-01,South,56.7
1977-12-01,West,39.7
1978-01-01,United States,88.6
1978-01-01,Northeast,4.4
1978-01-01,Midwest,10.4
1978-01-01,South,41.5
1978-01-01,West,32.3
1978-02-01,United States,101.3
1978-02-01,Northeast,2.8
1978-02-01,Midwest,15
1978-02-01,South,47.5
1978-02-01,West,36.1
1978-03-01,United States,172.1
1978-03-01,Northeast,11.7
1978-03-01,Midwest,30
1978-03-01,South,82.2
1978-03-01,West,48.2
1978-04-01,United States,197.5
1978-04-01,Northeast,20.3
1978-04-01,Midwest,43.2
1978-04-01,South,83.1
1978-04-01,West,50.9
1978-05-01,United States,211
1978-05-01,Northeast,21
1978-05-01,Midwest,53.9
1978-05-01,South,81.9
1978-05-01,West,54.2
1978-06-01,United States,216
1978-06-01,Northeast,22.7
1978-06-01,Midwest,56.3
1978-06-01,South,81.3
1978-06-01,West,55.7
1978-07-01,United States,192.2
1978-07-01,Northeast,22.1
1978-07-01,Midwest,47.4
1978-07-01,South,70.6
1978-07-01,West,52
1978-08-01,United States,190.9
1978-08-01,Northeast,21.3
1978-08-01,Midwest,43.4
1978-08-01,South,75.7
1978-08-01,West,50.4
1978-09-01,United States,180.5
1978-09-01,Northeast,22.3
1978-09-01,Midwest,42
1978-09-01,South,72.5
1978-09-01,West,43.7
1978-10-01,United States,192.1
1978-10-01,Northeast,21
1978-10-01,Midwest,47.2
1978-10-01,South,77.9
1978-10-01,West,45.9
1978-11-01,United States,158.6
1978-11-01,Northeast,16.6
1978-11-01,Midwest,42.8
1978-11-01,South,62
1978-11-01,West,37.2
1978-12-01,United States,119.5
1978-12-01,Northeast,14.3
1978-12-01,Midwest,19.4
1978-12-01,South,47.3
1978-12-01,West,38.5
1979-01-01,United States,88.2
1979-01-01,Northeast,8.1
1979-01-01,Midwest,6.7
1979-01-01,South,45.6
1979-01-01,West,27.7
1979-02-01,United States,84.5
1979-02-01,Northeast,5.9
1979-02-01,Midwest,7.3
1979-02-01,South,42
1979-02-01,West,29.3
1979-03-01,United States,152.9
1979-03-01,Northeast,12.2
1979-03-01,Midwest,25.7
1979-03-01,South,74.6
1979-03-01,West,40.4
1979-04-01,United States,161
1979-04-01,Northeast,14.7
1979-04-01,Midwest,33.9
1979-04-01,South,65
1979-04-01,West,47.4
1979-05-01,United States,189.1
1979-05-01,Northeast,17.5
1979-05-01,Midwest,48.8
1979-05-01,South,72.1
1979-05-01,West,50.6
1979-06-01,United States,191.8
1979-06-01,Northeast,18.9
1979-06-01,Midwest,43.9
1979-06-01,South,77.9
1979-06-01,West,51.1
1979-07-01,United States,164.2
1979-07-01,Northeast,18.5
1979-07-01,Midwest,36.6
1979-07-01,South,66
1979-07-01,West,43.2
1979-08-01,United States,170.3
1979-08-01,Northeast,19.9
1979-08-01,Midwest,38.1
1979-08-01,South,71.9
1979-08-01,West,40.4
1979-09-01,United States,163.7
1979-09-01,Northeast,13.2
1979-09-01,Midwest,37.8
1979-09-01,South,66.8
1979-09-01,West,45.9
1979-10-01,United States,169
1979-10-01,Northeast,20.2
1979-10-01,Midwest,35.6
1979-10-01,South,71.9
1979-10-01,West,41.2
1979-11-01,United States,118.7
1979-11-01,Northeast,18.7
1979-11-01,Midwest,19.9
1979-11-01,South,53.8
1979-11-01,West,26.3
1979-12-01,United States,91.6
1979-12-01,Northeast,9.8
1979-12-01,Midwest,14.9
1979-12-01,South,40
1979-12-01,West,26.9
1980-01-01,United States,73.1
1980-01-01,Northeast,5.6
1980-01-01,Midwest,5.6
1980-01-01,South,39.7
1980-01-01,West,22.2
1980-02-01,United States,79.9
1980-02-01,Northeast,2.5
1980-02-01,Midwest,7.7
1980-02-01,South,46.6
1980-02-01,West,23.1
1980-03-01,United States,85.1
1980-03-01,Northeast,7.4
1980-03-01,Midwest,11.8
1980-03-01,South,44.6
1980-03-01,West,21.3
1980-04-01,United States,96.2
1980-04-01,Northeast,9.7
1980-04-01,Midwest,15
1980-04-01,South,48.4
1980-04-01,West,23.2
1980-05-01,United States,91.7
1980-05-01,Northeast,11.9
1980-05-01,Midwest,14.8
1980-05-01,South,43.9
1980-05-01,West,21
1980-06-01,United States,116.4
1980-06-01,Northeast,13.2
1980-06-01,Midwest,20.8
1980-06-01,South,58
1980-06-01,West,24.4
1980-07-01,United States,120.1
1980-07-01,Northeast,13
1980-07-01,Midwest,20.3
1980-07-01,South,58.9
1980-07-01,West,27.9
1980-08-01,United States,129.9
1980-08-01,Northeast,13.9
1980-08-01,Midwest,20.9
1980-08-01,South,62.5
1980-08-01,West,32.6
1980-09-01,United States,138.3
1980-09-01,Northeast,17.1
1980-09-01,Midwest,30.6
1980-09-01,South,59.6
1980-09-01,West,30.9
1980-10-01,United States,152.7
1980-10-01,Northeast,12.1
1980-10-01,Midwest,33.3
1980-10-01,South,74.4
1980-10-01,West,32.8
1980-11-01,United States,112.9
1980-11-01,Northeast,9.6
1980-11-01,Midwest,24.4
1980-11-01,South,54.2
1980-11-01,West,24.7
1980-12-01,United States,95.9
1980-12-01,Northeast,9.2
1980-12-01,Midwest,12.8
1980-12-01,South,52
1980-12-01,West,21.9
1981-01-01,United States,84.5
1981-01-01,Northeast,5.5
1981-01-01,Midwest,8.3
1981-01-01,South,52.2
1981-01-01,West,18.5
1981-02-01,United States,71.9
1981-02-01,Northeast,2.8
1981-02-01,Midwest,6.2
1981-02-01,South,44.7
1981-02-01,West,18.3
1981-03-01,United States,107.8
1981-03-01,Northeast,8.5
1981-03-01,Midwest,15
1981-03-01,South,62.2
1981-03-01,West,22.1
1981-04-01,United States,123
1981-04-01,Northeast,10.2
1981-04-01,Midwest,18.5
1981-04-01,South,65.8
1981-04-01,West,28.4
1981-05-01,United States,109.9
1981-05-01,Northeast,12
1981-05-01,Midwest,19.2
1981-05-01,South,53.5
1981-05-01,West,25.2
1981-06-01,United States,105.8
1981-06-01,Northeast,11.2
1981-06-01,Midwest,18.2
1981-06-01,South,51.9
1981-06-01,West,24.5
1981-07-01,United States,99.9
1981-07-01,Northeast,16
1981-07-01,Midwest,17.2
1981-07-01,South,44.1
1981-07-01,West,22.6
1981-08-01,United States,86.3
1981-08-01,Northeast,11.6
1981-08-01,Midwest,14.6
1981-08-01,South,42
1981-08-01,West,18.1
1981-09-01,United States,84.1
1981-09-01,Northeast,12
1981-09-01,Midwest,13
1981-09-01,South,41.7
1981-09-01,West,17.4
1981-10-01,United States,87.2
1981-10-01,Northeast,12
1981-10-01,Midwest,18.3
1981-10-01,South,36.1
1981-10-01,West,20.8
1981-11-01,United States,64.6
1981-11-01,Northeast,7.6
1981-11-01,Midwest,10.4
1981-11-01,South,35.2
1981-11-01,West,11.4
1981-12-01,United States,59.1
1981-12-01,Northeast,7.8
1981-12-01,Midwest,6.4
1981-12-01,South,32.2
1981-12-01,West,12.7
1982-01-01,United States,47.2
1982-01-01,Northeast,2.6
1982-01-01,Midwest,3.2
1982-01-01,South,31.7
1982-01-01,West,9.7
1982-02-01,United States,51.3
1982-02-01,Northeast,3.3
1982-02-01,Midwest,2.6
1982-02-01,South,35.3
1982-02-01,West,10.1
1982-03-01,United States,78.2
1982-03-01,Northeast,7.3
1982-03-01,Midwest,6.6
1982-03-01,South,48.7
1982-03-01,West,15.7
1982-04-01,United States,84.1
1982-04-01,Northeast,8.7
1982-04-01,Midwest,14.7
1982-04-01,South,45.7
1982-04-01,West,15
1982-05-01,United States,98.8
1982-05-01,Northeast,11.9
1982-05-01,Midwest,15.7
1982-05-01,South,52.8
1982-05-01,West,18.4
1982-06-01,United States,91.1
1982-06-01,Northeast,10
1982-06-01,Midwest,17.9
1982-06-01,South,43.7
1982-06-01,West,19.5
1982-07-01,United States,106.8
1982-07-01,Northeast,11.3
1982-07-01,Midwest,15.1
1982-07-01,South,61.3
1982-07-01,West,19.1
1982-08-01,United States,96
1982-08-01,Northeast,12.9
1982-08-01,Midwest,16.4
1982-08-01,South,50
1982-08-01,West,16.6
1982-09-01,United States,106.4
1982-09-01,Northeast,15.9
1982-09-01,Midwest,14.6
1982-09-01,South,55.5
1982-09-01,West,20.4
1982-10-01,United States,110.5
1982-10-01,Northeast,11
1982-10-01,Midwest,19.4
1982-10-01,South,57.2
1982-10-01,West,22.9
1982-11-01,United States,108.9
1982-11-01,Northeast,14
1982-11-01,Midwest,15.7
1982-11-01,South,62.1
1982-11-01,West,17.2
1982-12-01,United States,82.9
1982-12-01,Northeast,7.7
1982-12-01,Midwest,7.3
1982-12-01,South,47
1982-12-01,West,20.9
1983-01-01,United States,91.3
1983-01-01,Northeast,5.5
1983-01-01,Midwest,6
1983-01-01,South,61.7
1983-01-01,West,18.1
1983-02-01,United States,96.3
1983-02-01,Northeast,7.4
1983-02-01,Midwest,7.8
1983-02-01,South,57.6
1983-02-01,West,23.5
1983-03-01,United States,134.6
1983-03-01,Northeast,13.1
1983-03-01,Midwest,13.1
1983-03-01,South,79.9
1983-03-01,West,28.6
1983-04-01,United States,135.8
1983-04-01,Northeast,13.7
1983-04-01,Midwest,18
1983-04-01,South,74.5
1983-04-01,West,29.6
1983-05-01,United States,174.9
1983-05-01,Northeast,17.2
1983-05-01,Midwest,25.1
1983-05-01,South,92.9
1983-05-01,West,39.7
1983-06-01,United States,173.2
1983-06-01,Northeast,17.8
1983-06-01,Midwest,24.9
1983-06-01,South,88.7
1983-06-01,West,41.8
1983-07-01,United States,161.6
1983-07-01,Northeast,17.5
1983-07-01,Midwest,23.3
1983-07-01,South,81.5
1983-07-01,West,39.3
1983-08-01,United States,176.8
1983-08-01,Northeast,21.5
1983-08-01,Midwest,25
1983-08-01,South,92.2
1983-08-01,West,38.1
1983-09-01,United States,154.9
1983-09-01,Northeast,14.6
1983-09-01,Midwest,23.3
1983-09-01,South,82.7
1983-09-01,West,34.2
1983-10-01,United States,159.3
1983-10-01,Northeast,16.2
1983-10-01,Midwest,23.1
1983-10-01,South,86.5
1983-10-01,West,33.5
1983-11-01,United States,136
1983-11-01,Northeast,13.8
1983-11-01,Midwest,18.3
1983-11-01,South,74.3
1983-11-01,West,29.6
1983-12-01,United States,108.3
1983-12-01,Northeast,9.3
1983-12-01,Midwest,9.9
1983-12-01,South,62.8
1983-12-01,West,26.2
1984-01-01,United States,109.1
1984-01-01,Northeast,7.2
1984-01-01,Midwest,8.8
1984-01-01,South,60.9
1984-01-01,West,32.2
1984-02-01,United States,130
1984-02-01,Northeast,8.8
1984-02-01,Midwest,11.1
1984-02-01,South,77.1
1984-02-01,West,33
1984-03-01,United States,137.5
1984-03-01,Northeast,11.1
1984-03-01,Midwest,14.5
1984-03-01,South,76.5
1984-03-01,West,35.4
1984-04-01,United States,172.7
1984-04-01,Northeast,17.1
1984-04-01,Midwest,21.4
1984-04-01,South,88.6
1984-04-01,West,45.7
1984-05-01,United States,180.7
1984-05-01,Northeast,18.7
1984-05-01,Midwest,26.9
1984-05-01,South,87.9
1984-05-01,West,47.3
1984-06-01,United States,184
1984-06-01,Northeast,22.8
1984-06-01,Midwest,32.3
1984-06-01,South,87.2
1984-06-01,West,41.5
1984-07-01,United States,162.1
1984-07-01,Northeast,19.9
1984-07-01,Midwest,24.9
1984-07-01,South,77.6
1984-07-01,West,39.7
1984-08-01,United States,147.4
1984-08-01,Northeast,21.1
1984-08-01,Midwest,23.5
1984-08-01,South,67.4
1984-08-01,West,35.4
1984-09-01,United States,148.5
1984-09-01,Northeast,19.5
1984-09-01,Midwest,23.2
1984-09-01,South,68.8
1984-09-01,West,37.1
1984-10-01,United States,152.3
1984-10-01,Northeast,22.2
1984-10-01,Midwest,26.3
1984-10-01,South,67.6
1984-10-01,West,36.2
1984-11-01,United States,126.2
1984-11-01,Northeast,21.6
1984-11-01,Midwest,19.8
1984-11-01,South,55.3
1984-11-01,West,29.6
1984-12-01,United States,98.9
1984-12-01,Northeast,14.2
1984-12-01,Midwest,10.4
1984-12-01,South,51.2
1984-12-01,West,23.1
1985-01-01,United States,105.4
1985-01-01,Northeast,9.5
1985-01-01,Midwest,8.4
1985-01-01,South,55.7
1985-01-01,West,31.8
1985-02-01,United States,95.4
1985-02-01,Northeast,7.4
1985-02-01,Midwest,6
1985-02-01,South,50.8
1985-02-01,West,31.3
1985-03-01,United States,145
1985-03-01,Northeast,16.3
1985-03-01,Midwest,17.2
1985-03-01,South,74.3
1985-03-01,West,37.1
1985-04-01,United States,175.8
1985-04-01,Northeast,25.6
1985-04-01,Midwest,22.3
1985-04-01,South,79.9
1985-04-01,West,48.1
1985-05-01,United States,170.2
1985-05-01,Northeast,24.5
1985-05-01,Midwest,28.7
1985-05-01,South,71.8
1985-05-01,West,45.1
1985-06-01,United States,163.2
1985-06-01,Northeast,27
1985-06-01,Midwest,26.8
1985-06-01,South,67.2
1985-06-01,West,42.3
1985-07-01,United States,160.7
1985-07-01,Northeast,22.7
1985-07-01,Midwest,23.4
1985-07-01,South,70.2
1985-07-01,West,44.4
1985-08-01,United States,160.7
1985-08-01,Northeast,25.3
1985-08-01,Midwest,26.2
1985-08-01,South,65.1
1985-08-01,West,44.1
1985-09-01,United States,147.7
1985-09-01,Northeast,24.1
1985-09-01,Midwest,22.9
1985-09-01,South,61
1985-09-01,West,39.7
1985-10-01,United States,173
1985-10-01,Northeast,32.3
1985-10-01,Midwest,27.6
1985-10-01,South,72.3
1985-10-01,West,40.9
1985-11-01,United States,124.1
1985-11-01,Northeast,19.9
1985-11-01,Midwest,17.1
1985-11-01,South,57.2
1985-11-01,West,29.9
1985-12-01,United States,120.5
1985-12-01,Northeast,17
1985-12-01,Midwest,13
1985-12-01,South,56.8
1985-12-01,West,33.7
1986-01-01,United States,115.6
1986-01-01,Northeast,14.1
1986-01-01,Midwest,10
1986-01-01,South,62.1
1986-01-01,West,29.4
1986-02-01,United States,107.2
1986-02-01,Northeast,12.3
1986-02-01,Midwest,11
1986-02-01,South,50.6
1986-02-01,West,33.2
1986-03-01,United States,151
1986-03-01,Northeast,20.6
1986-03-01,Midwest,20.9
1986-03-01,South,69
1986-03-01,West,40.4
1986-04-01,United States,188.2
1986-04-01,Northeast,29.3
1986-04-01,Midwest,32.4
1986-04-01,South,75.4
1986-04-01,West,51.1
1986-05-01,United States,186.6
1986-05-01,Northeast,27.5
1986-05-01,Midwest,28.4
1986-05-01,South,78
1986-05-01,West,52.7
1986-06-01,United States,183.6
1986-06-01,Northeast,30.4
1986-06-01,Midwest,34.9
1986-06-01,South,70.3
1986-06-01,West,48.1
1986-07-01,United States,172
1986-07-01,Northeast,28.1
1986-07-01,Midwest,34.4
1986-07-01,South,64.2
1986-07-01,West,45.3
1986-08-01,United States,163.8
1986-08-01,Northeast,34
1986-08-01,Midwest,30.4
1986-08-01,South,59.6
1986-08-01,West,39.8
1986-09-01,United States,154
1986-09-01,Northeast,29.1
1986-09-01,Midwest,27.4
1986-09-01,South,60.9
1986-09-01,West,36.6
1986-10-01,United States,154.8
1986-10-01,Northeast,27.2
1986-10-01,Midwest,27.3
1986-10-01,South,60.4
1986-10-01,West,39.9
1986-11-01,United States,115.6
1986-11-01,Northeast,21.7
1986-11-01,Midwest,19.8
1986-11-01,South,43.2
1986-11-01,West,31
1986-12-01,United States,113
1986-12-01,Northeast,19.1
1986-12-01,Midwest,18.9
1986-12-01,South,39.4
1986-12-01,West,35.5
1987-01-01,United States,105.1
1987-01-01,Northeast,15.5
1987-01-01,Midwest,16
1987-01-01,South,44.3
1987-01-01,West,29.3
1987-02-01,United States,102.8
1987-02-01,Northeast,10
1987-02-01,Midwest,14.1
1987-02-01,South,44.7
1987-02-01,West,34
1987-03-01,United States,141.2
1987-03-01,Northeast,21.4
1987-03-01,Midwest,23.7
1987-03-01,South,56.5
1987-03-01,West,39.6
1987-04-01,United States,159.3
1987-04-01,Northeast,26.1
1987-04-01,Midwest,28.2
1987-04-01,South,65.5
1987-04-01,West,39.6
1987-05-01,United States,158
1987-05-01,Northeast,28.4
1987-05-01,Midwest,32.3
1987-05-01,South,59.9
1987-05-01,West,37.4
1987-06-01,United States,162.9
1987-06-01,Northeast,28
1987-06-01,Midwest,34.9
1987-06-01,South,56.7
1987-06-01,West,43.3
1987-07-01,United States,152.4
1987-07-01,Northeast,28.1
1987-07-01,Midwest,26.3
1987-07-01,South,56.9
1987-07-01,West,41.1
1987-08-01,United States,143.6
1987-08-01,Northeast,26.9
1987-08-01,Midwest,28.2
1987-08-01,South,52.7
1987-08-01,West,35.8
1987-09-01,United States,152
1987-09-01,Northeast,24.5
1987-09-01,Midwest,30.5
1987-09-01,South,61.2
1987-09-01,West,35.8
1987-10-01,United States,139.1
1987-10-01,Northeast,25.1
1987-10-01,Midwest,25.1
1987-10-01,South,54.3
1987-10-01,West,34.6
1987-11-01,United States,118.8
1987-11-01,Northeast,21.9
1987-11-01,Midwest,24.9
1987-11-01,South,44.5
1987-11-01,West,27.4
1987-12-01,United States,85.4
1987-12-01,Northeast,13.2
1987-12-01,Midwest,13.6
1987-12-01,South,36.7
1987-12-01,West,21.8
1988-01-01,United States,78.2
1988-01-01,Northeast,14.4
1988-01-01,Midwest,7.6
1988-01-01,South,32.1
1988-01-01,West,24.1
1988-02-01,United States,90.2
1988-02-01,Northeast,12.1
1988-02-01,Midwest,10.8
1988-02-01,South,41.5
1988-02-01,West,25.8
1988-03-01,United States,128.8
1988-03-01,Northeast,21.7
1988-03-01,Midwest,18.4
1988-03-01,South,52.9
1988-03-01,West,35.7
1988-04-01,United States,153.2
1988-04-01,Northeast,24.9
1988-04-01,Midwest,31.6
1988-04-01,South,59.3
1988-04-01,West,37.4
1988-05-01,United States,140.2
1988-05-01,Northeast,20
1988-05-01,Midwest,30.3
1988-05-01,South,54.4
1988-05-01,West,35.6
1988-06-01,United States,150.2
1988-06-01,Northeast,26.3
1988-06-01,Midwest,31.7
1988-06-01,South,54.9
1988-06-01,West,37.3
1988-07-01,United States,137
1988-07-01,Northeast,24.7
1988-07-01,Midwest,28.3
1988-07-01,South,49.5
1988-07-01,West,34.5
1988-08-01,United States,136.8
1988-08-01,Northeast,23.9
1988-08-01,Midwest,25.2
1988-08-01,South,49
1988-08-01,West,38.7
1988-09-01,United States,131.1
1988-09-01,Northeast,19.6
1988-09-01,Midwest,26
1988-09-01,South,49.7
1988-09-01,West,35.8
1988-10-01,United States,135.1
1988-10-01,Northeast,18.4
1988-10-01,Midwest,26.4
1988-10-01,South,49.8
1988-10-01,West,40.5
1988-11-01,United States,113
1988-11-01,Northeast,17.9
1988-11-01,Midwest,20.1
1988-11-01,South,43.9
1988-11-01,West,31.2
1988-12-01,United States,94.2
1988-12-01,Northeast,11.5
1988-12-01,Midwest,17.6
1988-12-01,South,37.9
1988-12-01,West,27.2
1989-01-01,United States,100.1
1989-01-01,Northeast,15.3
1989-01-01,Midwest,11.5
1989-01-01,South,45.4
1989-01-01,West,28
1989-02-01,United States,85.8
1989-02-01,Northeast,8.8
1989-02-01,Midwest,10.5
1989-02-01,South,39.2
1989-02-01,West,27.3
1989-03-01,United States,117.8
1989-03-01,Northeast,12.2
1989-03-01,Midwest,22.5
1989-03-01,South,49.5
1989-03-01,West,33.6
1989-04-01,United States,129.4
1989-04-01,Northeast,19.9
1989-04-01,Midwest,25.3
1989-04-01,South,52
1989-04-01,West,32.2
1989-05-01,United States,131.7
1989-05-01,Northeast,17.5
1989-05-01,Midwest,27.7
1989-05-01,South,50.2
1989-05-01,West,36.4
1989-06-01,United States,143.2
1989-06-01,Northeast,17.9
1989-06-01,Midwest,28.4
1989-06-01,South,52.2
1989-06-01,West,44.6
1989-07-01,United States,134.7
1989-07-01,Northeast,19.6
1989-07-01,Midwest,29.3
1989-07-01,South,46
1989-07-01,West,39.8
1989-08-01,United States,122.4
1989-08-01,Northeast,14.5
1989-08-01,Midwest,23.5
1989-08-01,South,49
1989-08-01,West,35.3
1989-09-01,United States,109.3
1989-09-01,Northeast,14.4
1989-09-01,Midwest,23.5
1989-09-01,South,40.9
1989-09-01,West,30.6
1989-10-01,United States,130.1
1989-10-01,Northeast,16.4
1989-10-01,Midwest,28.3
1989-10-01,South,50.1
1989-10-01,West,35.3
1989-11-01,United States,96.6
1989-11-01,Northeast,14.8
1989-11-01,Midwest,22.1
1989-11-01,South,34.9
1989-11-01,West,24.8
1989-12-01,United States,75
1989-12-01,Northeast,7.2
1989-12-01,Midwest,13.1
1989-12-01,South,26.9
1989-12-01,West,27.7
1990-01-01,United States,99.2
1990-01-01,Northeast,10
1990-01-01,Midwest,14.9
1990-01-01,South,40.1
1990-01-01,West,34.2
1990-02-01,United States,86.9
1990-02-01,Northeast,9.1
1990-02-01,Midwest,11.4
1990-02-01,South,39.9
1990-02-01,West,26.4
1990-03-01,United States,108.5
1990-03-01,Northeast,10
1990-03-01,Midwest,20.6
1990-03-01,South,46.3
1990-03-01,West,31.6
1990-04-01,United States,119
1990-04-01,Northeast,12.5
1990-04-01,Midwest,28.9
1990-04-01,South,45.5
1990-04-01,West,32.1
1990-05-01,United States,121.1
1990-05-01,Northeast,12.6
1990-05-01,Midwest,28.4
1990-05-01,South,47.4
1990-05-01,West,32.7
1990-06-01,United States,117.8
1990-06-01,Northeast,11.2
1990-06-01,Midwest,27.1
1990-06-01,South,50.7
1990-06-01,West,28.8
1990-07-01,United States,111.2
1990-07-01,Northeast,12
1990-07-01,Midwest,23.9
1990-07-01,South,44.3
1990-07-01,West,31
1990-08-01,United States,102.8
1990-08-01,Northeast,12.4
1990-08-01,Midwest,23.4
1990-08-01,South,36.7
1990-08-01,West,30.3
1990-09-01,United States,93.1
1990-09-01,Northeast,8.7
1990-09-01,Midwest,22.1
1990-09-01,South,36.2
1990-09-01,West,26
1990-10-01,United States,94.2
1990-10-01,Northeast,14.4
1990-10-01,Midwest,23
1990-10-01,South,34
1990-10-01,West,22.8
1990-11-01,United States,81.4
1990-11-01,Northeast,12.4
1990-11-01,Midwest,17.3
1990-11-01,South,33.7
1990-11-01,West,18
1990-12-01,United States,57.4
1990-12-01,Northeast,6
1990-12-01,Midwest,12
1990-12-01,South,24.4
1990-12-01,West,15
1991-01-01,United States,52.5
1991-01-01,Northeast,4.9
1991-01-01,Midwest,6.5
1991-01-01,South,25.2
1991-01-01,West,15.8
1991-02-01,United States,59.1
1991-02-01,Northeast,3.8
1991-02-01,Midwest,12.3
1991-02-01,South,27.9
1991-02-01,West,15.2
1991-03-01,United States,73.8
1991-03-01,Northeast,7.3
1991-03-01,Midwest,16.3
1991-03-01,South,34.3
1991-03-01,West,15.9
1991-04-01,United States,99.7
1991-04-01,Northeast,9.4
1991-04-01,Midwest,25.1
1991-04-01,South,40.5
1991-04-01,West,24.7
1991-05-01,United States,97.7
1991-05-01,Northeast,11.6
1991-05-01,Midwest,23.7
1991-05-01,South,34.7
1991-05-01,West,27.7
1991-06-01,United States,103.4
1991-06-01,Northeast,14.2
1991-06-01,Midwest,27.6
1991-06-01,South,37.6
1991-06-01,West,24
1991-07-01,United States,103.5
1991-07-01,Northeast,11.2
1991-07-01,Midwest,24.5
1991-07-01,South,40.6
1991-07-01,West,27.3
1991-08-01,United States,94.7
1991-08-01,Northeast,11.4
1991-08-01,Midwest,22.5
1991-08-01,South,35.9
1991-08-01,West,24.8
1991-09-01,United States,86.6
1991-09-01,Northeast,9.1
1991-09-01,Midwest,22.1
1991-09-01,South,35.2
1991-09-01,West,20.2
1991-10-01,United States,101.8
1991-10-01,Northeast,12
1991-10-01,Midwest,24.3
1991-10-01,South,41.9
1991-10-01,West,23.5
1991-11-01,United States,75.6
1991-11-01,Northeast,9.7
1991-11-01,Midwest,15.5
1991-11-01,South,31.6
1991-11-01,West,18.8
1991-12-01,United States,65.6
1991-12-01,Northeast,8.3
1991-12-01,Midwest,12.5
1991-12-01,South,28.6
1991-12-01,West,16.2
1992-01-01,United States,71.6
1992-01-01,Northeast,8.7
1992-01-01,Midwest,13
1992-01-01,South,32
1992-01-01,West,17.9
1992-02-01,United States,78.8
1992-02-01,Northeast,6.4
1992-02-01,Midwest,15.2
1992-02-01,South,37
1992-02-01,West,20.3
1992-03-01,United States,111.6
1992-03-01,Northeast,9.5
1992-03-01,Midwest,25.8
1992-03-01,South,48.8
1992-03-01,West,27.5
1992-04-01,United States,107.6
1992-04-01,Northeast,12
1992-04-01,Midwest,24.1
1992-04-01,South,46.8
1992-04-01,West,24.6
1992-05-01,United States,115.2
1992-05-01,Northeast,11.7
1992-05-01,Midwest,31.2
1992-05-01,South,46.1
1992-05-01,West,26.2
1992-06-01,United States,117.8
1992-06-01,Northeast,12.8
1992-06-01,Midwest,31.7
1992-06-01,South,44.1
1992-06-01,West,29.2
1992-07-01,United States,106.2
1992-07-01,Northeast,12.2
1992-07-01,Midwest,26.4
1992-07-01,South,41.5
1992-07-01,West,26.1
1992-08-01,United States,109.9
1992-08-01,Northeast,10.4
1992-08-01,Midwest,30.5
1992-08-01,South,40.2
1992-08-01,West,28.8
1992-09-01,United States,106
1992-09-01,Northeast,11.4
1992-09-01,Midwest,25.2
1992-09-01,South,45.3
1992-09-01,West,24.1
1992-10-01,United States,111.8
1992-10-01,Northeast,12
1992-10-01,Midwest,30.7
1992-10-01,South,44.6
1992-10-01,West,24.5
1992-11-01,United States,84.5
1992-11-01,Northeast,9.6
1992-11-01,Midwest,18.9
1992-11-01,South,35.2
1992-11-01,West,20.7
1992-12-01,United States,78.6
1992-12-01,Northeast,9.8
1992-12-01,Midwest,15
1992-12-01,South,35.4
1992-12-01,West,18.3
1993-01-01,United States,70.5
1993-01-01,Northeast,6.9
1993-01-01,Midwest,12.5
1993-01-01,South,37.3
1993-01-01,West,13.8
1993-02-01,United States,74.6
1993-02-01,Northeast,5.6
1993-02-01,Midwest,13.5
1993-02-01,South,38.3
1993-02-01,West,17.2
1993-03-01,United States,95.5
1993-03-01,Northeast,6.8
1993-03-01,Midwest,19.5
1993-03-01,South,43
1993-03-01,West,26.1
1993-04-01,United States,117.8
1993-04-01,Northeast,10.9
1993-04-01,Midwest,25
1993-04-01,South,53.2
1993-04-01,West,28.6
1993-05-01,United States,120.9
1993-05-01,Northeast,11.3
1993-05-01,Midwest,31.1
1993-05-01,South,51.5
1993-05-01,West,26.9
1993-06-01,United States,128.5
1993-06-01,Northeast,13.9
1993-06-01,Midwest,32.4
1993-06-01,South,51.1
1993-06-01,West,31
1993-07-01,United States,115.3
1993-07-01,Northeast,12.7
1993-07-01,Midwest,27.1
1993-07-01,South,49.6
1993-07-01,West,25.9
1993-08-01,United States,121.8
1993-08-01,Northeast,12.2
1993-08-01,Midwest,29.3
1993-08-01,South,49.4
1993-08-01,West,30.9
1993-09-01,United States,118.5
1993-09-01,Northeast,13.2
1993-09-01,Midwest,29.3
1993-09-01,South,48.2
1993-09-01,West,27.8
1993-10-01,United States,123.3
1993-10-01,Northeast,11.8
1993-10-01,Midwest,35.8
1993-10-01,South,49.3
1993-10-01,West,26.3
1993-11-01,United States,102.3
1993-11-01,Northeast,11.7
1993-11-01,Midwest,23.5
1993-11-01,South,44.5
1993-11-01,West,22.6
1993-12-01,United States,98.7
1993-12-01,Northeast,9.3
1993-12-01,Midwest,18.6
1993-12-01,South,46.2
1993-12-01,West,24.6
1994-01-01,United States,76.2
1994-01-01,Northeast,4.9
1994-01-01,Midwest,10.7
1994-01-01,South,37.5
1994-01-01,West,23.1
1994-02-01,United States,83.5
1994-02-01,Northeast,5.8
1994-02-01,Midwest,12.3
1994-02-01,South,43.3
1994-02-01,West,22.1
1994-03-01,United States,134.3
1994-03-01,Northeast,9.5
1994-03-01,Midwest,28.5
1994-03-01,South,61.4
1994-03-01,West,34.9
1994-04-01,United States,137.6
1994-04-01,Northeast,14
1994-04-01,Midwest,34.6
1994-04-01,South,58.1
1994-04-01,West,30.9
1994-05-01,United States,148.8
1994-05-01,Northeast,13.5
1994-05-01,Midwest,35.6
1994-05-01,South,66.7
1994-05-01,West,33
1994-06-01,United States,136.4
1994-06-01,Northeast,15.1
1994-06-01,Midwest,34.1
1994-06-01,South,55.6
1994-06-01,West,31.6
1994-07-01,United States,127.8
1994-07-01,Northeast,12.3
1994-07-01,Midwest,31.3
1994-07-01,South,50.5
1994-07-01,West,33.7
1994-08-01,United States,139.8
1994-08-01,Northeast,14.9
1994-08-01,Midwest,32.3
1994-08-01,South,61.1
1994-08-01,West,31.4
1994-09-01,United States,130.1
1994-09-01,Northeast,11.9
1994-09-01,Midwest,30.6
1994-09-01,South,55.1
1994-09-01,West,32.4
1994-10-01,United States,130.6
1994-10-01,Northeast,12.2
1994-10-01,Midwest,32
1994-10-01,South,55.9
1994-10-01,West,30.5
1994-11-01,United States,113.4
1994-11-01,Northeast,14.3
1994-11-01,Midwest,28.3
1994-11-01,South,47.5
1994-11-01,West,23.3
1994-12-01,United States,98.5
1994-12-01,Northeast,9.6
1994-12-01,Midwest,18.6
1994-12-01,South,46.6
1994-12-01,West,23.7
1995-01-01,United States,84.5
1995-01-01,Northeast,6.3
1995-01-01,Midwest,11.9
1995-01-01,South,44.1
1995-01-01,West,22.2
1995-02-01,United States,81.6
1995-02-01,Northeast,5.9
1995-02-01,Midwest,12.7
1995-02-01,South,40.2
1995-02-01,West,22.9
1995-03-01,United States,103.8
1995-03-01,Northeast,9.5
1995-03-01,Midwest,20.7
1995-03-01,South,49.3
1995-03-01,West,24.2
1995-04-01,United States,116.9
1995-04-01,Northeast,9.6
1995-04-01,Midwest,25.9
1995-04-01,South,53.5
1995-04-01,West,27.9
1995-05-01,United States,130.5
1995-05-01,Northeast,13.1
1995-05-01,Midwest,27.7
1995-05-01,South,56.5
1995-05-01,West,33.2
1995-06-01,United States,123.4
1995-06-01,Northeast,13.1
1995-06-01,Midwest,31
1995-06-01,South,49.5
1995-06-01,West,29.9
1995-07-01,United States,129.1
1995-07-01,Northeast,10.6
1995-07-01,Midwest,26.6
1995-07-01,South,61.9
1995-07-01,West,30
1995-08-01,United States,135.8
1995-08-01,Northeast,12
1995-08-01,Midwest,33.7
1995-08-01,South,56.7
1995-08-01,West,33.4
1995-09-01,United States,122.4
1995-09-01,Northeast,10.4
1995-09-01,Midwest,28.6
1995-09-01,South,51.7
1995-09-01,West,31.7
1995-10-01,United States,126.2
1995-10-01,Northeast,12.1
1995-10-01,Midwest,29.6
1995-10-01,South,53.6
1995-10-01,West,30.9
1995-11-01,United States,107.2
1995-11-01,Northeast,8.6
1995-11-01,Midwest,24.7
1995-11-01,South,51.6
1995-11-01,West,22.3
1995-12-01,United States,92.8
1995-12-01,Northeast,6.5
1995-12-01,Midwest,17.1
1995-12-01,South,46.3
1995-12-01,West,22.8
1996-01-01,United States,90.7
1996-01-01,Northeast,5
1996-01-01,Midwest,14.7
1996-01-01,South,43.8
1996-01-01,West,27.2
1996-02-01,United States,95.9
1996-02-01,Northeast,6.1
1996-02-01,Midwest,13.8
1996-02-01,South,46.9
1996-02-01,West,29
1996-03-01,United States,116
1996-03-01,Northeast,10
1996-03-01,Midwest,24
1996-03-01,South,54.5
1996-03-01,West,27.4
1996-04-01,United States,146.6
1996-04-01,Northeast,13.1
1996-04-01,Midwest,31.8
1996-04-01,South,64.3
1996-04-01,West,37.3
1996-05-01,United States,143.9
1996-05-01,Northeast,12.6
1996-05-01,Midwest,33.6
1996-05-01,South,65.2
1996-05-01,West,32.5
1996-06-01,United States,138
1996-06-01,Northeast,13.4
1996-06-01,Midwest,30.9
1996-06-01,South,58.6
1996-06-01,West,35.1
1996-07-01,United States,137.5
1996-07-01,Northeast,12.3
1996-07-01,Midwest,34.9
1996-07-01,South,59.2
1996-07-01,West,31.1
1996-08-01,United States,144.2
1996-08-01,Northeast,12.9
1996-08-01,Midwest,35.3
1996-08-01,South,59.2
1996-08-01,West,36.7
1996-09-01,United States,128.7
1996-09-01,Northeast,13
1996-09-01,Midwest,28.6
1996-09-01,South,57.6
1996-09-01,West,29.5
1996-10-01,United States,130.8
1996-10-01,Northeast,13.9
1996-10-01,Midwest,29.8
1996-10-01,South,54
1996-10-01,West,33
1996-11-01,United States,111.5
1996-11-01,Northeast,10.1
1996-11-01,Midwest,26.6
1996-11-01,South,51
1996-11-01,West,23.9
1996-12-01,United States,93.1
1996-12-01,Northeast,9.7
1996-12-01,Midwest,17.4
1996-12-01,South,47.4
1996-12-01,West,18.6
1997-01-01,United States,82.2
1997-01-01,Northeast,8.5
1997-01-01,Midwest,10.5
1997-01-01,South,39.8
1997-01-01,West,23.3
1997-02-01,United States,94.7
1997-02-01,Northeast,6.2
1997-02-01,Midwest,16.3
1997-02-01,South,47.4
1997-02-01,West,24.8
1997-03-01,United States,120.4
1997-03-01,Northeast,11.1
1997-03-01,Midwest,22.3
1997-03-01,South,55.5
1997-03-01,West,31.4
1997-04-01,United States,142.3
1997-04-01,Northeast,13.1
1997-04-01,Midwest,28.4
1997-04-01,South,68.6
1997-04-01,West,32.2
1997-05-01,United States,136.3
1997-05-01,Northeast,11.7
1997-05-01,Midwest,31.5
1997-05-01,South,58.8
1997-05-01,West,34.4
1997-06-01,United States,140.4
1997-06-01,Northeast,11.6
1997-06-01,Midwest,31.9
1997-06-01,South,62.3
1997-06-01,West,34.5
1997-07-01,United States,134.6
1997-07-01,Northeast,14.6
1997-07-01,Midwest,30
1997-07-01,South,58.9
1997-07-01,West,31.1
1997-08-01,United States,126.5
1997-08-01,Northeast,11.6
1997-08-01,Midwest,28.1
1997-08-01,South,55.5
1997-08-01,West,31.3
1997-09-01,United States,139.2
1997-09-01,Northeast,13.7
1997-09-01,Midwest,29.7
1997-09-01,South,62.6
1997-09-01,West,33.1
1997-10-01,United States,139
1997-10-01,Northeast,11.2
1997-10-01,Midwest,34
1997-10-01,South,60.9
1997-10-01,West,33
1997-11-01,United States,112.4
1997-11-01,Northeast,14.7
1997-11-01,Midwest,21.2
1997-11-01,South,49.4
1997-11-01,West,27.1
1997-12-01,United States,106
1997-12-01,Northeast,8.8
1997-12-01,Midwest,19.6
1997-12-01,South,50.6
1997-12-01,West,27
1998-01-01,United States,91.2
1998-01-01,Northeast,8
1998-01-01,Midwest,14.4
1998-01-01,South,42.9
1998-01-01,West,25.9
1998-02-01,United States,101.1
1998-02-01,Northeast,9.4
1998-02-01,Midwest,17.3
1998-02-01,South,51.2
1998-02-01,West,23.2
1998-03-01,United States,132.6
1998-03-01,Northeast,11
1998-03-01,Midwest,23.3
1998-03-01,South,63.2
1998-03-01,West,35
1998-04-01,United States,144.9
1998-04-01,Northeast,11.9
1998-04-01,Midwest,33.2
1998-04-01,South,65.4
1998-04-01,West,34.4
1998-05-01,United States,143.3
1998-05-01,Northeast,14.1
1998-05-01,Midwest,29.7
1998-05-01,South,64.5
1998-05-01,West,34.9
1998-06-01,United States,159.6
1998-06-01,Northeast,14
1998-06-01,Midwest,33.7
1998-06-01,South,70.4
1998-06-01,West,41.5
1998-07-01,United States,156
1998-07-01,Northeast,15.3
1998-07-01,Midwest,31.2
1998-07-01,South,70.6
1998-07-01,West,38.8
1998-08-01,United States,147.5
1998-08-01,Northeast,12.9
1998-08-01,Midwest,31.3
1998-08-01,South,67.7
1998-08-01,West,35.5
1998-09-01,United States,141.5
1998-09-01,Northeast,13.1
1998-09-01,Midwest,29.8
1998-09-01,South,62.3
1998-09-01,West,36.3
1998-10-01,United States,155.5
1998-10-01,Northeast,16
1998-10-01,Midwest,36.4
1998-10-01,South,71.9
1998-10-01,West,31.3
1998-11-01,United States,124.2
1998-11-01,Northeast,12
1998-11-01,Midwest,25.1
1998-11-01,South,58.8
1998-11-01,West,28.3
1998-12-01,United States,119.6
1998-12-01,Northeast,10.7
1998-12-01,Midwest,25
1998-12-01,South,54
1998-12-01,West,29.9
1999-01-01,United States,106.8
1999-01-01,Northeast,7.8
1999-01-01,Midwest,13.2
1999-01-01,South,56.2
1999-01-01,West,29.6
1999-02-01,United States,110.2
1999-02-01,Northeast,9.6
1999-02-01,Midwest,15.8
1999-02-01,South,61.5
1999-02-01,West,23.3
1999-03-01,United States,147.3
1999-03-01,Northeast,12.5
1999-03-01,Midwest,28.8
1999-03-01,South,71.7
1999-03-01,West,34.3
1999-04-01,United States,144.6
1999-04-01,Northeast,12.5
1999-04-01,Midwest,32.6
1999-04-01,South,63
1999-04-01,West,36.4
1999-05-01,United States,153.2
1999-05-01,Northeast,14.1
1999-05-01,Midwest,34.8
1999-05-01,South,66.3
1999-05-01,West,38
1999-06-01,United States,149.4
1999-06-01,Northeast,16.4
1999-06-01,Midwest,37.2
1999-06-01,South,61.9
1999-06-01,West,33.9
1999-07-01,United States,152.6
1999-07-01,Northeast,17
1999-07-01,Midwest,31.3
1999-07-01,South,64.5
1999-07-01,West,39.8
1999-08-01,United States,152.9
1999-08-01,Northeast,17.3
1999-08-01,Midwest,32
1999-08-01,South,67.3
1999-08-01,West,36.3
1999-09-01,United States,140.3
1999-09-01,Northeast,12.2
1999-09-01,Midwest,33.1
1999-09-01,South,61.8
1999-09-01,West,33.2
1999-10-01,United States,142.9
1999-10-01,Northeast,12.6
1999-10-01,Midwest,36.6
1999-10-01,South,63.5
1999-10-01,West,30.2
1999-11-01,United States,127.4
1999-11-01,Northeast,12.7
1999-11-01,Midwest,28.9
1999-11-01,South,54.7
1999-11-01,West,31
1999-12-01,United States,113.6
1999-12-01,Northeast,11
1999-12-01,Midwest,23
1999-12-01,South,53.7
1999-12-01,West,25.9
2000-01-01,United States,104
2000-01-01,Northeast,9.1
2000-01-01,Midwest,15
2000-01-01,South,54.4
2000-01-01,West,25.4
2000-02-01,United States,119.7
2000-02-01,Northeast,9.9
2000-02-01,Midwest,22.4
2000-02-01,South,56.8
2000-02-01,West,30.6
2000-03-01,United States,133.4
2000-03-01,Northeast,12
2000-03-01,Midwest,24
2000-03-01,South,66.9
2000-03-01,West,30.5
2000-04-01,United States,149.5
2000-04-01,Northeast,12.1
2000-04-01,Midwest,35
2000-04-01,South,64.8
2000-04-01,West,37.6
2000-05-01,United States,152.9
2000-05-01,Northeast,14.5
2000-05-01,Midwest,34.2
2000-05-01,South,69.6
2000-05-01,West,34.6
2000-06-01,United States,146.3
2000-06-01,Northeast,14
2000-06-01,Midwest,30.3
2000-06-01,South,67.2
2000-06-01,West,34.8
2000-07-01,United States,135
2000-07-01,Northeast,14.2
2000-07-01,Midwest,30
2000-07-01,South,57
2000-07-01,West,33.9
2000-08-01,United States,141.4
2000-08-01,Northeast,13.8
2000-08-01,Midwest,29.1
2000-08-01,South,62.6
2000-08-01,West,36
2000-09-01,United States,128.9
2000-09-01,Northeast,13.9
2000-09-01,Midwest,27.5
2000-09-01,South,54.7
2000-09-01,West,32.8
2000-10-01,United States,139.7
2000-10-01,Northeast,16.3
2000-10-01,Midwest,31.1
2000-10-01,South,63.8
2000-10-01,West,28.4
2000-11-01,United States,117.1
2000-11-01,Northeast,12.5
2000-11-01,Midwest,25.1
2000-11-01,South,48.8
2000-11-01,West,30.7
2000-12-01,United States,100.7
2000-12-01,Northeast,12.1
2000-12-01,Midwest,13.8
2000-12-01,South,46.9
2000-12-01,West,27.8
2001-01-01,United States,106.4
2001-01-01,Northeast,6.6
2001-01-01,Midwest,16.8
2001-01-01,South,54.1
2001-01-01,West,28.9
2001-02-01,United States,108.2
2001-02-01,Northeast,8
2001-02-01,Midwest,18.1
2001-02-01,South,56
2001-02-01,West,26
2001-03-01,United States,133.2
2001-03-01,Northeast,11.9
2001-03-01,Midwest,26.4
2001-03-01,South,61.1
2001-03-01,West,33.8
2001-04-01,United States,151.3
2001-04-01,Northeast,15.7
2001-04-01,Midwest,28.6
2001-04-01,South,68.3
2001-04-01,West,38.7
2001-05-01,United States,154
2001-05-01,Northeast,12.2
2001-05-01,Midwest,35.6
2001-05-01,South,66.4
2001-05-01,West,39.8
2001-06-01,United States,155.2
2001-06-01,Northeast,13.4
2001-06-01,Midwest,35.4
2001-06-01,South,70.6
2001-06-01,West,35.8
2001-07-01,United States,154.6
2001-07-01,Northeast,15.9
2001-07-01,Midwest,30.1
2001-07-01,South,71
2001-07-01,West,37.6
2001-08-01,United States,141.5
2001-08-01,Northeast,15.3
2001-08-01,Midwest,32.8
2001-08-01,South,59.3
2001-08-01,West,34
2001-09-01,United States,133.1
2001-09-01,Northeast,12.5
2001-09-01,Midwest,25.2
2001-09-01,South,61
2001-09-01,West,34.4
2001-10-01,United States,139.8
2001-10-01,Northeast,13.5
2001-10-01,Midwest,31.9
2001-10-01,South,65.5
2001-10-01,West,28.8
2001-11-01,United States,121
2001-11-01,Northeast,14.1
2001-11-01,Midwest,28.6
2001-11-01,South,50.8
2001-11-01,West,27.5
2001-12-01,United States,104.6
2001-12-01,Northeast,10.1
2001-12-01,Midwest,21
2001-12-01,South,47.6
2001-12-01,West,25.8
2002-01-01,United States,110.4
2002-01-01,Northeast,8.9
2002-01-01,Midwest,18.1
2002-01-01,South,57
2002-01-01,West,26.4
2002-02-01,United States,120.4
2002-02-01,Northeast,7.8
2002-02-01,Midwest,20.6
2002-02-01,South,61.7
2002-02-01,West,30.2
2002-03-01,United States,138.2
2002-03-01,Northeast,13.1
2002-03-01,Midwest,25.6
2002-03-01,South,65
2002-03-01,West,34.5
2002-04-01,United States,148.8
2002-04-01,Northeast,11.3
2002-04-01,Midwest,27.4
2002-04-01,South,74.4
2002-04-01,West,35.7
2002-05-01,United States,165.5
2002-05-01,Northeast,15.5
2002-05-01,Midwest,36
2002-05-01,South,74.8
2002-05-01,West,39.1
2002-06-01,United States,160.3
2002-06-01,Northeast,17.5
2002-06-01,Midwest,35.4
2002-06-01,South,70.3
2002-06-01,West,37.1
2002-07-01,United States,155.9
2002-07-01,Northeast,14.9
2002-07-01,Midwest,35.5
2002-07-01,South,68.2
2002-07-01,West,37.2
2002-08-01,United States,147
2002-08-01,Northeast,16.5
2002-08-01,Midwest,31
2002-08-01,South,67.3
2002-08-01,West,32.1
2002-09-01,United States,155.6
2002-09-01,Northeast,15.9
2002-09-01,Midwest,34.5
2002-09-01,South,67.5
2002-09-01,West,37.8
2002-10-01,United States,146.8
2002-10-01,Northeast,13.4
2002-10-01,Midwest,30.7
2002-10-01,South,60.7
2002-10-01,West,42
2002-11-01,United States,133
2002-11-01,Northeast,12
2002-11-01,Midwest,30.5
2002-11-01,South,59.5
2002-11-01,West,31.1
2002-12-01,United States,123.1
2002-12-01,Northeast,11.6
2002-12-01,Midwest,24.4
2002-12-01,South,54.9
2002-12-01,West,32.2
2003-01-01,United States,117.8
2003-01-01,Northeast,7.8
2003-01-01,Midwest,17.7
2003-01-01,South,57.6
2003-01-01,West,34.7
2003-02-01,United States,109.7
2003-02-01,Northeast,7.9
2003-02-01,Midwest,15
2003-02-01,South,55.4
2003-02-01,West,31.4
2003-03-01,United States,147.2
2003-03-01,Northeast,12
2003-03-01,Midwest,26.8
2003-03-01,South,71.8
2003-03-01,West,36.6
2003-04-01,United States,151.2
2003-04-01,Northeast,13.2
2003-04-01,Midwest,30.7
2003-04-01,South,66.9
2003-04-01,West,40.4
2003-05-01,United States,165
2003-05-01,Northeast,14.4
2003-05-01,Midwest,36
2003-05-01,South,72.6
2003-05-01,West,42
2003-06-01,United States,174.5
2003-06-01,Northeast,15.8
2003-06-01,Midwest,36.1
2003-06-01,South,75.2
2003-06-01,West,47.5
2003-07-01,United States,175.8
2003-07-01,Northeast,17.6
2003-07-01,Midwest,37.8
2003-07-01,South,77.6
2003-07-01,West,42.8
2003-08-01,United States,163.8
2003-08-01,Northeast,15
2003-08-01,Midwest,36.8
2003-08-01,South,75
2003-08-01,West,37.1
2003-09-01,United States,171.3
2003-09-01,Northeast,16.9
2003-09-01,Midwest,40.7
2003-09-01,South,74
2003-09-01,West,39.7
2003-10-01,United States,173.5
2003-10-01,Northeast,14
2003-10-01,Midwest,36.3
2003-10-01,South,78.7
2003-10-01,West,44.6
2003-11-01,United States,153.7
2003-11-01,Northeast,15.6
2003-11-01,Midwest,33.8
2003-11-01,South,65.1
2003-11-01,West,39.2
2003-12-01,United States,144.2
2003-12-01,Northeast,12.5
2003-12-01,Midwest,26.4
2003-12-01,South,68.9
2003-12-01,West,36.5
2004-01-01,United States,124.5
2004-01-01,Northeast,8.1
2004-01-01,Midwest,16
2004-01-01,South,65.4
2004-01-01,West,35.1
2004-02-01,United States,126.4
2004-02-01,Northeast,9.7
2004-02-01,Midwest,18.1
2004-02-01,South,65.2
2004-02-01,West,33.5
2004-03-01,United States,173.8
2004-03-01,Northeast,13.3
2004-03-01,Midwest,30.1
2004-03-01,South,83.9
2004-03-01,West,46.5
2004-04-01,United States,179.5
2004-04-01,Northeast,16
2004-04-01,Midwest,35.6
2004-04-01,South,86.8
2004-04-01,West,41.1
2004-05-01,United States,187.6
2004-05-01,Northeast,17.1
2004-05-01,Midwest,35.7
2004-05-01,South,80
2004-05-01,West,54.7
2004-06-01,United States,172.3
2004-06-01,Northeast,16.5
2004-06-01,Midwest,32.9
2004-06-01,South,80.2
2004-06-01,West,42.8
2004-07-01,United States,182
2004-07-01,Northeast,17.1
2004-07-01,Midwest,33.1
2004-07-01,South,79.4
2004-07-01,West,52.4
2004-08-01,United States,185.9
2004-08-01,Northeast,19.6
2004-08-01,Midwest,35.6
2004-08-01,South,81.2
2004-08-01,West,49.5
2004-09-01,United States,164
2004-09-01,Northeast,14.3
2004-09-01,Midwest,32.6
2004-09-01,South,74.8
2004-09-01,West,42.3
2004-10-01,United States,181.3
2004-10-01,Northeast,16.1
2004-10-01,Midwest,35.7
2004-10-01,South,82.8
2004-10-01,West,46.7
2004-11-01,United States,138.1
2004-11-01,Northeast,13.2
2004-11-01,Midwest,25.8
2004-11-01,South,63.2
2004-11-01,West,35.8
2004-12-01,United States,140.2
2004-12-01,Northeast,14.4
2004-12-01,Midwest,24.4
2004-12-01,South,65.6
2004-12-01,West,35.8
2005-01-01,United States,142.9
2005-01-01,Northeast,8.7
2005-01-01,Midwest,15.9
2005-01-01,South,80.2
2005-01-01,West,37.9
2005-02-01,United States,149.1
2005-02-01,Northeast,11.1
2005-02-01,Midwest,23.8
2005-02-01,South,74.7
2005-02-01,West,39.5
2005-03-01,United States,156.2
2005-03-01,Northeast,16.5
2005-03-01,Midwest,24.8
2005-03-01,South,72.7
2005-03-01,West,42.2
2005-04-01,United States,184.6
2005-04-01,Northeast,16.9
2005-04-01,Midwest,29.6
2005-04-01,South,95.5
2005-04-01,West,42.7
2005-05-01,United States,197.9
2005-05-01,Northeast,17.6
2005-05-01,Midwest,40.2
2005-05-01,South,85.6
2005-05-01,West,54.5
2005-06-01,United States,192.8
2005-06-01,Northeast,19.5
2005-06-01,Midwest,35
2005-06-01,South,93.1
2005-06-01,West,45.3
2005-07-01,United States,187.6
2005-07-01,Northeast,18.3
2005-07-01,Midwest,34.5
2005-07-01,South,88.3
2005-07-01,West,46.5
2005-08-01,United States,192
2005-08-01,Northeast,19.8
2005-08-01,Midwest,36.7
2005-08-01,South,83.7
2005-08-01,West,51.8
2005-09-01,United States,187.9
2005-09-01,Northeast,17.7
2005-09-01,Midwest,35.8
2005-09-01,South,84.7
2005-09-01,West,49.7
2005-10-01,United States,180.4
2005-10-01,Northeast,15.4
2005-10-01,Midwest,30.3
2005-10-01,South,89.8
2005-10-01,West,44.9
2005-11-01,United States,160.7
2005-11-01,Northeast,15.9
2005-11-01,Midwest,32.2
2005-11-01,South,72.1
2005-11-01,West,40.5
2005-12-01,United States,136
2005-12-01,Northeast,12.3
2005-12-01,Midwest,18.5
2005-12-01,South,75.7
2005-12-01,West,29.5
2006-01-01,United States,153
2006-01-01,Northeast,13.3
2006-01-01,Midwest,18
2006-01-01,South,84.7
2006-01-01,West,37
2006-02-01,United States,145.1
2006-02-01,Northeast,10.1
2006-02-01,Midwest,17.1
2006-02-01,South,77.7
2006-02-01,West,40.2
2006-03-01,United States,165.9
2006-03-01,Northeast,12.9
2006-03-01,Midwest,22.4
2006-03-01,South,89.7
2006-03-01,West,41
2006-04-01,United States,160.5
2006-04-01,Northeast,16
2006-04-01,Midwest,30
2006-04-01,South,77.8
2006-04-01,West,36.7
2006-05-01,United States,190.2
2006-05-01,Northeast,18.8
2006-05-01,Midwest,30.9
2006-05-01,South,89.6
2006-05-01,West,50.8
2006-06-01,United States,170.2
2006-06-01,Northeast,16.1
2006-06-01,Midwest,30.1
2006-06-01,South,81.9
2006-06-01,West,42.1
2006-07-01,United States,160.9
2006-07-01,Northeast,13.7
2006-07-01,Midwest,27.4
2006-07-01,South,80.2
2006-07-01,West,39.6
2006-08-01,United States,146.8
2006-08-01,Northeast,15.6
2006-08-01,Midwest,24.2
2006-08-01,South,71.4
2006-08-01,West,35.5
2006-09-01,United States,150.1
2006-09-01,Northeast,12.3
2006-09-01,Midwest,25.1
2006-09-01,South,80.9
2006-09-01,West,31.8
2006-10-01,United States,130.6
2006-10-01,Northeast,13.3
2006-10-01,Midwest,22
2006-10-01,South,61.7
2006-10-01,West,33.7
2006-11-01,United States,115.2
2006-11-01,Northeast,12.2
2006-11-01,Midwest,18.1
2006-11-01,South,58.8
2006-11-01,West,26.1
2006-12-01,United States,112.4
2006-12-01,Northeast,12.9
2006-12-01,Midwest,14.3
2006-12-01,South,55.9
2006-12-01,West,29.3
2007-01-01,United States,95
2007-01-01,Northeast,10.5
2007-01-01,Midwest,9.2
2007-01-01,South,52.8
2007-01-01,West,22.4
2007-02-01,United States,103.1
2007-02-01,Northeast,7.6
2007-02-01,Midwest,8.5
2007-02-01,South,59.8
2007-02-01,West,27.3
2007-03-01,United States,123.8
2007-03-01,Northeast,10
2007-03-01,Midwest,17.1
2007-03-01,South,65.6
2007-03-01,West,31
2007-04-01,United States,135.6
2007-04-01,Northeast,14.4
2007-04-01,Midwest,18.5
2007-04-01,South,68
2007-04-01,West,34.7
2007-05-01,United States,136.5
2007-05-01,Northeast,16.1
2007-05-01,Midwest,26.2
2007-05-01,South,61.8
2007-05-01,West,32.4
2007-06-01,United States,137.8
2007-06-01,Northeast,15.5
2007-06-01,Midwest,23.9
2007-06-01,South,66.4
2007-06-01,West,31.9
2007-07-01,United States,127.9
2007-07-01,Northeast,13.8
2007-07-01,Midwest,23.5
2007-07-01,South,58.3
2007-07-01,West,32.3
2007-08-01,United States,121.2
2007-08-01,Northeast,9.5
2007-08-01,Midwest,22.9
2007-08-01,South,61.5
2007-08-01,West,27.3
2007-09-01,United States,101.5
2007-09-01,Northeast,12.7
2007-09-01,Midwest,15.6
2007-09-01,South,50.2
2007-09-01,West,23
2007-10-01,United States,115
2007-10-01,Northeast,15
2007-10-01,Midwest,20
2007-10-01,South,55.2
2007-10-01,West,24.7
2007-11-01,United States,88.8
2007-11-01,Northeast,10.4
2007-11-01,Midwest,16.7
2007-11-01,South,42.5
2007-11-01,West,19.2
2007-12-01,United States,68.9
2007-12-01,Northeast,7.4
2007-12-01,Midwest,8
2007-12-01,South,38.9
2007-12-01,West,14.6
2008-01-01,United States,70.8
2008-01-01,Northeast,8.2
2008-01-01,Midwest,8.2
2008-01-01,South,38
2008-01-01,West,16.5
2008-02-01,United States,78.4
2008-02-01,Northeast,7.6
2008-02-01,Midwest,8.7
2008-02-01,South,44.2
2008-02-01,West,17.9
2008-03-01,United States,82.2
2008-03-01,Northeast,8.6
2008-03-01,Midwest,9.7
2008-03-01,South,45.2
2008-03-01,West,18.6
2008-04-01,United States,89.5
2008-04-01,Northeast,8.2
2008-04-01,Midwest,15
2008-04-01,South,45.3
2008-04-01,West,21.1
2008-05-01,United States,91.7
2008-05-01,Northeast,11.7
2008-05-01,Midwest,14.2
2008-05-01,South,44.9
2008-05-01,West,20.8
2008-06-01,United States,102.5
2008-06-01,Northeast,23
2008-06-01,Midwest,14.1
2008-06-01,South,45.8
2008-06-01,West,19.5
2008-07-01,United States,86.7
2008-07-01,Northeast,15.1
2008-07-01,Midwest,15.4
2008-07-01,South,38.7
2008-07-01,West,17.4
2008-08-01,United States,76.4
2008-08-01,Northeast,12.7
2008-08-01,Midwest,11.9
2008-08-01,South,34.7
2008-08-01,West,17
2008-09-01,United States,73.9
2008-09-01,Northeast,9.8
2008-09-01,Midwest,13.1
2008-09-01,South,36.5
2008-09-01,West,14.5
2008-10-01,United States,68.2
2008-10-01,Northeast,7.2
2008-10-01,Midwest,11.7
2008-10-01,South,35.3
2008-10-01,West,14
2008-11-01,United States,47.5
2008-11-01,Northeast,4.3
2008-11-01,Midwest,8
2008-11-01,South,25.3
2008-11-01,West,9.9
2008-12-01,United States,37.7
2008-12-01,Northeast,4.5
2008-12-01,Midwest,4.8
2008-12-01,South,19.5
2008-12-01,West,9
2009-01-01,United States,31.9
2009-01-01,Northeast,2.2
2009-01-01,Midwest,2.8
2009-01-01,South,17.7
2009-01-01,West,9.2
2009-02-01,United States,39.8
2009-02-01,Northeast,3.6
2009-02-01,Midwest,5.4
2009-02-01,South,22.8
2009-02-01,West,8
2009-03-01,United States,42.7
2009-03-01,Northeast,5.3
2009-03-01,Midwest,7.3
2009-03-01,South,23.4
2009-03-01,West,6.7
2009-04-01,United States,42.5
2009-04-01,Northeast,4.5
2009-04-01,Midwest,7.5
2009-04-01,South,20.5
2009-04-01,West,10
2009-05-01,United States,52.2
2009-05-01,Northeast,5.7
2009-05-01,Midwest,8.2
2009-05-01,South,25.2
2009-05-01,West,13.1
2009-06-01,United States,59.1
2009-06-01,Northeast,8.1
2009-06-01,Midwest,11.7
2009-06-01,South,27.1
2009-06-01,West,12.2
2009-07-01,United States,56.8
2009-07-01,Northeast,6.1
2009-07-01,Midwest,11.2
2009-07-01,South,27
2009-07-01,West,12.4
2009-08-01,United States,52.9
2009-08-01,Northeast,6.5
2009-08-01,Midwest,9.9
2009-08-01,South,24.9
2009-08-01,West,11.7
2009-09-01,United States,52.6
2009-09-01,Northeast,5.8
2009-09-01,Midwest,9.9
2009-09-01,South,26.8
2009-09-01,West,10.1
2009-10-01,United States,44.5
2009-10-01,Northeast,4.9
2009-10-01,Midwest,9.4
2009-10-01,South,21.4
2009-10-01,West,8.7
2009-11-01,United States,42.3
2009-11-01,Northeast,4.8
2009-11-01,Midwest,8.1
2009-11-01,South,21.5
2009-11-01,West,7.9
2009-12-01,United States,36.6
2009-12-01,Northeast,4.4
2009-12-01,Midwest,5.6
2009-12-01,South,19.8
2009-12-01,West,6.9
2010-01-01,United States,38.9
2010-01-01,Northeast,4.1
2010-01-01,Midwest,4.3
2010-01-01,South,22.5
2010-01-01,West,7.9
2010-02-01,United States,40.7
2010-02-01,Northeast,3.9
2010-02-01,Midwest,5.4
2010-02-01,South,21.2
2010-02-01,West,10.2
2010-03-01,United States,54.7
2010-03-01,Northeast,5.3
2010-03-01,Midwest,7
2010-03-01,South,30.8
2010-03-01,West,11.5
2010-04-01,United States,62
2010-04-01,Northeast,7.3
2010-04-01,Midwest,10.8
2010-04-01,South,33.8
2010-04-01,West,10
2010-05-01,United States,56.2
2010-05-01,Northeast,7.1
2010-05-01,Midwest,11
2010-05-01,South,26.8
2010-05-01,West,11.3
2010-06-01,United States,53.8
2010-06-01,Northeast,6.4
2010-06-01,Midwest,9.1
2010-06-01,South,27.5
2010-06-01,West,10.8
2010-07-01,United States,51.5
2010-07-01,Northeast,7.2
2010-07-01,Midwest,9.3
2010-07-01,South,24.7
2010-07-01,West,10.2
2010-08-01,United States,56.3
2010-08-01,Northeast,6.9
2010-08-01,Midwest,11
2010-08-01,South,25.3
2010-08-01,West,13.1
2010-09-01,United States,53
2010-09-01,Northeast,6.1
2010-09-01,Midwest,8.8
2010-09-01,South,26.4
2010-09-01,West,11.7
2010-10-01,United States,45.4
2010-10-01,Northeast,7.5
2010-10-01,Midwest,8.7
2010-10-01,South,21.6
2010-10-01,West,7.7
2010-11-01,United States,40.6
2010-11-01,Northeast,5.5
2010-11-01,Midwest,8.7
2010-11-01,South,19.4
2010-11-01,West,6.9
2010-12-01,United States,33.8
2010-12-01,Northeast,4
2010-12-01,Midwest,3.7
2010-12-01,South,17.4
2010-12-01,West,8.7
2011-01-01,United States,40.2
2011-01-01,Northeast,5.8
2011-01-01,Midwest,5.6
2011-01-01,South,21.2
2011-01-01,West,7.6
2011-02-01,United States,35.4
2011-02-01,Northeast,3.1
2011-02-01,Midwest,3.1
2011-02-01,South,22.8
2011-02-01,West,6.5
2011-03-01,United States,49.9
2011-03-01,Northeast,5
2011-03-01,Midwest,5.9
2011-03-01,South,29.2
2011-03-01,West,9.8
2011-04-01,United States,49
2011-04-01,Northeast,5.2
2011-04-01,Midwest,8.3
2011-04-01,South,24.9
2011-04-01,West,10.6
2011-05-01,United States,54
2011-05-01,Northeast,5.6
2011-05-01,Midwest,10.8
2011-05-01,South,24.5
2011-05-01,West,13.1
2011-06-01,United States,60.5
2011-06-01,Northeast,6.9
2011-06-01,Midwest,13.2
2011-06-01,South,27.5
2011-06-01,West,13
2011-07-01,United States,57.6
2011-07-01,Northeast,8
2011-07-01,Midwest,9.1
2011-07-01,South,27.7
2011-07-01,West,12.7
2011-08-01,United States,54.5
2011-08-01,Northeast,5.2
2011-08-01,Midwest,8.6
2011-08-01,South,27.2
2011-08-01,West,13.4
2011-09-01,United States,58.8
2011-09-01,Northeast,5.2
2011-09-01,Midwest,9.5
2011-09-01,South,29.4
2011-09-01,West,14.6
2011-10-01,United States,53.2
2011-10-01,Northeast,5.8
2011-10-01,Midwest,10
2011-10-01,South,26.7
2011-10-01,West,10.6
2011-11-01,United States,53
2011-11-01,Northeast,7.6
2011-11-01,Midwest,7.2
2011-11-01,South,25.7
2011-11-01,West,12.6
2011-12-01,United States,42.7
2011-12-01,Northeast,4.2
2011-12-01,Midwest,9.7
2011-12-01,South,20.9
2011-12-01,West,7.9
2012-01-01,United States,47.2
2012-01-01,Northeast,4.6
2012-01-01,Midwest,5.3
2012-01-01,South,28.4
2012-01-01,West,9
2012-02-01,United States,49.7
2012-02-01,Northeast,3.8
2012-02-01,Midwest,5
2012-02-01,South,31.1
2012-02-01,West,9.8
2012-03-01,United States,58
2012-03-01,Northeast,7
2012-03-01,Midwest,8.4
2012-03-01,South,30.2
2012-03-01,West,12.4
2012-04-01,United States,66.8
2012-04-01,Northeast,7.1
2012-04-01,Midwest,11.3
2012-04-01,South,35
2012-04-01,West,13.4
2012-05-01,United States,67.8
2012-05-01,Northeast,7.4
2012-05-01,Midwest,11.4
2012-05-01,South,33.4
2012-05-01,West,15.5
2012-06-01,United States,74.7
2012-06-01,Northeast,7.7
2012-06-01,Midwest,10.5
2012-06-01,South,35.9
2012-06-01,West,20.5
2012-07-01,United States,69.2
2012-07-01,Northeast,8.1
2012-07-01,Midwest,11.3
2012-07-01,South,32
2012-07-01,West,17.7
2012-08-01,United States,69
2012-08-01,Northeast,6.9
2012-08-01,Midwest,12.9
2012-08-01,South,33.3
2012-08-01,West,15.8
2012-09-01,United States,75.8
2012-09-01,Northeast,6.9
2012-09-01,Midwest,13.6
2012-09-01,South,37.5
2012-09-01,West,17.8
2012-10-01,United States,77
2012-10-01,Northeast,7.1
2012-10-01,Midwest,15
2012-10-01,South,37.3
2012-10-01,West,17.7
2012-11-01,United States,62.2
2012-11-01,Northeast,5.1
2012-11-01,Midwest,12.1
2012-11-01,South,33
2012-11-01,West,11.9
2012-12-01,United States,63.2
2012-12-01,Northeast,7.9
2012-12-01,Midwest,11
2012-12-01,South,30.6
2012-12-01,West,13.6
2013-01-01,United States,58.7
2013-01-01,Northeast,5.4
2013-01-01,Midwest,4.2
2013-01-01,South,33.8
2013-01-01,West,15.4
2013-02-01,United States,66.1
2013-02-01,Northeast,6.3
2013-02-01,Midwest,7.2
2013-02-01,South,36.8
2013-02-01,West,15.8
2013-03-01,United States,83.3
2013-03-01,Northeast,7.5
2013-03-01,Midwest,10.2
2013-03-01,South,47.4
2013-03-01,West,18.2
2013-04-01,United States,76.3
2013-04-01,Northeast,7.4
2013-04-01,Midwest,14
2013-04-01,South,36.6
2013-04-01,West,18.3
2013-05-01,United States,87.2
2013-05-01,Northeast,9.5
2013-05-01,Midwest,14
2013-05-01,South,44.3
2013-05-01,West,19.4
2013-06-01,United States,80.7
2013-06-01,Northeast,8.1
2013-06-01,Midwest,12.7
2013-06-01,South,39.8
2013-06-01,West,20.2
2013-07-01,United States,84
2013-07-01,Northeast,10.5
2013-07-01,Midwest,15.8
2013-07-01,South,37.2
2013-07-01,West,20.5
2013-08-01,United States,80.4
2013-08-01,Northeast,8.7
2013-08-01,Midwest,14.8
2013-08-01,South,38.4
2013-08-01,West,18.5
2013-09-01,United States,78.4
2013-09-01,Northeast,8.9
2013-09-01,Midwest,15.4
2013-09-01,South,37.9
2013-09-01,West,16.2
2013-10-01,United States,78.4
2013-10-01,Northeast,11.4
2013-10-01,Midwest,15.8
2013-10-01,South,33.6
2013-10-01,West,17.5
2013-11-01,United States,83.8
2013-11-01,Northeast,7.4
2013-11-01,Midwest,17
2013-11-01,South,43.1
2013-11-01,West,16.4
2013-12-01,United States,67.6
2013-12-01,Northeast,5.7
2013-12-01,Midwest,8.6
2013-12-01,South,34.8
2013-12-01,West,18.5
2014-01-01,United States,60.7
2014-01-01,Northeast,7.5
2014-01-01,Midwest,2.9
2014-01-01,South,34.1
2014-01-01,West,16.2
2014-02-01,United States,65.1
2014-02-01,Northeast,5.6
2014-02-01,Midwest,6.9
2014-02-01,South,37.3
2014-02-01,West,15.4
2014-03-01,United States,80.2
2014-03-01,Northeast,10.1
2014-03-01,Midwest,10.8
2014-03-01,South,41.7
2014-03-01,West,17.5
2014-04-01,United States,94.9
2014-04-01,Northeast,11
2014-04-01,Midwest,17.6
2014-04-01,South,43.8
2014-04-01,West,22.5
2014-05-01,United States,92.5
2014-05-01,Northeast,8.3
2014-05-01,Midwest,16.6
2014-05-01,South,49.8
2014-05-01,West,17.9
2014-06-01,United States,87.3
2014-06-01,Northeast,8.9
2014-06-01,Midwest,19.5
2014-06-01,South,37
2014-06-01,West,22
2014-07-01,United States,101
2014-07-01,Northeast,12.8
2014-07-01,Midwest,15.9
2014-07-01,South,47.3
2014-07-01,West,25
2014-08-01,United States,86.2
2014-08-01,Northeast,9.7
2014-08-01,Midwest,16.6
2014-08-01,South,41.5
2014-08-01,West,18.4
2014-09-01,United States,94.2
2014-09-01,Northeast,10.1
2014-09-01,Midwest,16.7
2014-09-01,South,45.7
2014-09-01,West,21.7
2014-10-01,United States,92
2014-10-01,Northeast,9
2014-10-01,Midwest,15.1
2014-10-01,South,50.2
2014-10-01,West,17.6
2014-11-01,United States,75.8
2014-11-01,Northeast,8.6
2014-11-01,Midwest,13.8
2014-11-01,South,32.7
2014-11-01,West,20.8
2014-12-01,United States,73.4
2014-12-01,Northeast,8
2014-12-01,Midwest,10.1
2014-12-01,South,35.3
2014-12-01,West,20
2015-01-01,United States,73
2015-01-01,Northeast,6.9
2015-01-01,Midwest,7.5
2015-01-01,South,37.6
2015-01-01,West,21
2015-02-01,United States,61.9
2015-02-01,Northeast,2.8
2015-02-01,Midwest,5
2015-02-01,South,37.3
2015-02-01,West,16.8
2015-03-01,United States,79.7
2015-03-01,Northeast,8
2015-03-01,Midwest,10.5
2015-03-01,South,44.4
2015-03-01,West,16.8
2015-04-01,United States,108.5
2015-04-01,Northeast,17.3
2015-04-01,Midwest,16
2015-04-01,South,46.7
2015-04-01,West,28.5
2015-05-01,United States,99.6
2015-05-01,Northeast,13.2
2015-05-01,Midwest,14.6
2015-05-01,South,46.6
2015-05-01,West,25.1
2015-06-01,United States,112.3
2015-06-01,Northeast,19.1
2015-06-01,Midwest,14.5
2015-06-01,South,51.8
2015-06-01,West,26.9
2015-07-01,United States,107.2
2015-07-01,Northeast,14.8
2015-07-01,Midwest,17.1
2015-07-01,South,50
2015-07-01,West,25.3
2015-08-01,United States,99.2
2015-08-01,Northeast,9.9
2015-08-01,Midwest,13.7
2015-08-01,South,54.2
2015-08-01,West,21.4
2015-09-01,United States,111.6
2015-09-01,Northeast,12.4
2015-09-01,Midwest,13.6
2015-09-01,South,58.3
2015-09-01,West,27.2
2015-10-01,United States,90.9
2015-10-01,Northeast,12.3
2015-10-01,Midwest,16.5
2015-10-01,South,42.2
2015-10-01,West,19.7
2015-11-01,United States,89.9
2015-11-01,Northeast,10.4
2015-11-01,Midwest,13.6
2015-11-01,South,45.8
2015-11-01,West,20.2
2015-12-01,United States,78.1
2015-12-01,Northeast,11
2015-12-01,Midwest,9.9
2015-12-01,South,40.7
2015-12-01,West,16.5
2016-01-01,United States,74.3
2016-01-01,Northeast,9.5
2016-01-01,Midwest,7.5
2016-01-01,South,40.4
2016-01-01,West,17
2016-02-01,United States,84.1
2016-02-01,Northeast,4.6
2016-02-01,Midwest,10.8
2016-02-01,South,46.8
2016-02-01,West,21.9
2016-03-01,United States,90.7
2016-03-01,Northeast,11.9
2016-03-01,Midwest,11.4
2016-03-01,South,45.7
2016-03-01,West,21.8
2016-04-01,United States,106.2
2016-04-01,Northeast,10.8
2016-04-01,Midwest,19.3
2016-04-01,South,54.1
2016-04-01,West,22
2016-05-01,United States,105
2016-05-01,Northeast,7.5
2016-05-01,Midwest,18.6
2016-05-01,South,54.1
2016-05-01,West,24.9
2016-06-01,United States,111.6
2016-06-01,Northeast,10.8
2016-06-01,Midwest,18.6
2016-06-01,South,54.1
2016-06-01,West,28.2
2016-07-01,United States,115.2
2016-07-01,Northeast,12.7
2016-07-01,Midwest,15.7
2016-07-01,South,58.3
2016-07-01,West,28.4
2016-08-01,United States,102.8
2016-08-01,Northeast,11.6
2016-08-01,Midwest,15.5
2016-08-01,South,49.6
2016-08-01,West,26.1
2016-09-01,United States,95
2016-09-01,Northeast,8.7
2016-09-01,Midwest,14.8
2016-09-01,South,46.9
2016-09-01,West,24.5
2016-10-01,United States,114.5
2016-10-01,Northeast,14.9
2016-10-01,Midwest,18.7
2016-10-01,South,52.1
2016-10-01,West,28.8
2016-11-01,United States,87.8
2016-11-01,Northeast,6.8
2016-11-01,Midwest,17.4
2016-11-01,South,43.4
2016-11-01,West,20.3
2016-12-01,United States,86.5
2016-12-01,Northeast,6.4
2016-12-01,Midwest,13.9
2016-12-01,South,39
2016-12-01,West,27.2
2017-01-01,United States,82.3
2017-01-01,Northeast,8
2017-01-01,Midwest,10.7
2017-01-01,South,48
2017-01-01,West,15.6
2017-02-01,United States,87.8
2017-02-01,Northeast,6.6
2017-02-01,Midwest,8.9
2017-02-01,South,48.4
2017-02-01,West,23.8
2017-03-01,United States,97.1
2017-03-01,Northeast,8.8
2017-03-01,Midwest,9.9
2017-03-01,South,53.8
2017-03-01,West,24.7
2017-04-01,United States,105.2
2017-04-01,Northeast,7.7
2017-04-01,Midwest,18.8
2017-04-01,South,50.3
2017-04-01,West,28.4
2017-05-01,United States,106
2017-05-01,Northeast,7.9
2017-05-01,Midwest,16.8
2017-05-01,South,52.5
2017-05-01,West,28.9
2017-06-01,United States,116.3
2017-06-01,Northeast,14.8
2017-06-01,Midwest,20.6
2017-06-01,South,49.5
2017-06-01,West,31.4
2017-07-01,United States,112.3
2017-07-01,Northeast,11.5
2017-07-01,Midwest,16.1
2017-07-01,South,56.3
2017-07-01,West,28.4
2017-08-01,United States,102.6
2017-08-01,Northeast,9.6
2017-08-01,Midwest,15.4
2017-08-01,South,50.6
2017-08-01,West,27
2017-09-01,United States,104.4
2017-09-01,Northeast,9.3
2017-09-01,Midwest,18.2
2017-09-01,South,47.9
2017-09-01,West,28.8
2017-10-01,United States,109.6
2017-10-01,Northeast,13.5
2017-10-01,Midwest,19.4
2017-10-01,South,51.7
2017-10-01,West,25
2017-11-01,United States,97.9
2017-11-01,Northeast,7.5
2017-11-01,Midwest,14.6
2017-11-01,South,49.3
2017-11-01,West,26.5
2017-12-01,United States,81.4
2017-12-01,Northeast,6.2
2017-12-01,Midwest,10.1
2017-12-01,South,40.4
2017-12-01,West,24.7
2018-01-01,United States,91.6
2018-01-01,Northeast,7.5
2018-01-01,Midwest,7.2
2018-01-01,South,50.8
2018-01-01,West,26.1
2018-02-01,United States,89.7
2018-02-01,Northeast,8.1
2018-02-01,Midwest,8.1
2018-02-01,South,45.6
2018-02-01,West,27.9
2018-03-01,United States,107.2
2018-03-01,Northeast,9.2
2018-03-01,Midwest,12.9
2018-03-01,South,52.4
2018-03-01,West,32.7
2018-04-01,United States,117.5
2018-04-01,Northeast,8.7
2018-04-01,Midwest,15.1
2018-04-01,South,61.4
2018-04-01,West,32.4
2018-05-01,United States,123.7
2018-05-01,Northeast,9.9
2018-05-01,Midwest,24
2018-05-01,South,59
2018-05-01,West,30.9
2018-06-01,United States,112
2018-06-01,Northeast,10.2
2018-06-01,Midwest,16.4
2018-06-01,South,52.8
2018-06-01,West,32.6
2018-07-01,United States,111.9
2018-07-01,Northeast,10.1
2018-07-01,Midwest,17.9
2018-07-01,South,57.2
2018-07-01,West,26.6
2018-08-01,United States,113.8
2018-08-01,Northeast,8.9
2018-08-01,Midwest,16.7
2018-08-01,South,58.4
2018-08-01,West,29.7
2018-09-01,United States,109.7
2018-09-01,Northeast,13.2
2018-09-01,Midwest,16.7
2018-09-01,South,48.3
2018-09-01,West,31.5
2018-10-01,United States,105.7
2018-10-01,Northeast,8.7
2018-10-01,Midwest,17.9
2018-10-01,South,50.6
2018-10-01,West,28.4
2018-11-01,United States,91.2
2018-11-01,Northeast,8.8
2018-11-01,Midwest,11.7
2018-11-01,South,49.3
2018-11-01,West,21.4
2018-12-01,United States,76
2018-12-01,Northeast,7.7
2018-12-01,Midwest,7.9
2018-12-01,South,44.6
2018-12-01,West,15.9
2019-01-01,United States,87
2019-01-01,Northeast,9.3
2019-01-01,Midwest,7
2019-01-01,South,51.4
2019-01-01,West,19.4
2019-02-01,United States,80
2019-02-01,Northeast,5.4
2019-02-01,Midwest,8.5
2019-02-01,South,48.3
2019-02-01,West,17.9
2019-03-01,United States,98.2
2019-03-01,Northeast,6.3
2019-03-01,Midwest,9.2
2019-03-01,South,55.6
2019-03-01,West,27.1
2019-04-01,United States,116.6
2019-04-01,Northeast,11.6
2019-04-01,Midwest,15.3
2019-04-01,South,59.6
2019-04-01,West,30.1
2019-05-01,United States,118.1
2019-05-01,Northeast,7.9
2019-05-01,Midwest,16
2019-05-01,South,65.3
2019-05-01,West,29
2019-06-01,United States,115.1
2019-06-01,Northeast,10.2
2019-06-01,Midwest,18.2
2019-06-01,South,57.4
2019-06-01,West,29.3
2019-07-01,United States,114.2
2019-07-01,Northeast,9.5
2019-07-01,Midwest,17.4
2019-07-01,South,57.2
2019-07-01,West,30.1
2019-08-01,United States,121
2019-08-01,Northeast,14.8
2019-08-01,Midwest,17.4
2019-08-01,South,61.8
2019-08-01,West,27
2019-09-01,United States,113.2
2019-09-01,Northeast,10.7
2019-09-01,Midwest,15.3
2019-09-01,South,60.2
2019-09-01,West,27
2019-10-01,United States,114.8
2019-10-01,Northeast,10.6
2019-10-01,Midwest,17.1
2019-10-01,South,56.8
2019-10-01,West,30.2
2019-11-01,United States,103.4
2019-11-01,Northeast,8.5
2019-11-01,Midwest,13.7
2019-11-01,South,55
2019-11-01,West,26.1
2019-12-01,United States,108.3
2019-12-01,Northeast,9.9
2019-12-01,Midwest,14.2
2019-12-01,South,56.3
2019-12-01,West,27.9
2020-01-01,United States,113.1
2020-01-01,Northeast,15.1
2020-01-01,Midwest,9
2020-01-01,South,58.7
2020-01-01,West,30.3
2020-02-01,United States,111.6
2020-02-01,Northeast,7.5
2020-02-01,Midwest,10.8
2020-02-01,South,66.3
2020-02-01,West,27
2020-03-01,United States,104.5
2020-03-01,Northeast,6.3
2020-03-01,Midwest,11.3
2020-03-01,South,60.2
2020-03-01,West,26.6
2020-04-01,United States,84.9
2020-04-01,Northeast,4.4
2020-04-01,Midwest,12.4
2020-04-01,South,51.3
2020-04-01,West,16.7
2020-05-01,United States,95.1
2020-05-01,Northeast,6.2
2020-05-01,Midwest,14.4
2020-05-01,South,45.7
2020-05-01,West,28.8
2020-06-01,United States,118.8
2020-06-01,Northeast,11.2
2020-06-01,Midwest,20.7
2020-06-01,South,59.5
2020-06-01,West,27.3
2020-07-01,United States,138.7
2020-07-01,Northeast,12.8
2020-07-01,Midwest,20.7
2020-07-01,South,76.3
2020-07-01,West,28.8
2020-08-01,United States,122.5
2020-08-01,Northeast,7.7
2020-08-01,Midwest,22.3
2020-08-01,South,61.8
2020-08-01,West,30.7
2020-09-01,United States,126.3
2020-09-01,Northeast,11.5
2020-09-01,Midwest,19.8
2020-09-01,South,64.8
2020-09-01,West,30.3
2020-10-01,United States,131.2
2020-10-01,Northeast,7.8
2020-10-01,Midwest,20.4
2020-10-01,South,70.4
2020-10-01,West,32.7
2020-11-01,United States,117.8
2020-11-01,Northeast,11.5
2020-11-01,Midwest,15
2020-11-01,South,60
2020-11-01,West,31.2
2020-12-01,United States,115.1
2020-12-01,Northeast,9.5
2020-12-01,Midwest,14.7
2020-12-01,South,60.4
2020-12-01,West,30.4
2021-01-01,United States,115.2
2021-01-01,Northeast,14.7
2021-01-01,Midwest,11.3
2021-01-01,South,60.7
2021-01-01,West,28.5
2021-02-01,United States,102.1
2021-02-01,Northeast,6.3
2021-02-01,Midwest,7.1
2021-02-01,South,57.6
2021-02-01,West,31.1
2021-03-01,United States,140.6
2021-03-01,Northeast,12.8
2021-03-01,Midwest,20.4
2021-03-01,South,75.3
2021-03-01,West,32.1
2021-04-01,United States,135.5
2021-04-01,Northeast,13.8
2021-04-01,Midwest,16.1
2021-04-01,South,70.1
2021-04-01,West,35.5
2021-05-01,United States,145.7
2021-05-01,Northeast,12.5
2021-05-01,Midwest,26.6
2021-05-01,South,71.9
2021-05-01,West,34.6
2021-06-01,United States,154.3
2021-06-01,Northeast,14.4
2021-06-01,Midwest,19.6
2021-06-01,South,79.5
2021-06-01,West,40.9
2021-07-01,United States,143.9
2021-07-01,Northeast,6.7
2021-07-01,Midwest,18.5
2021-07-01,South,81.3
2021-07-01,West,37.6
2021-08-01,United States,140
2021-08-01,Northeast,14.6
2021-08-01,Midwest,18.1
2021-08-01,South,78.1
2021-08-01,West,29.2
2021-09-01,United States,135.2
2021-09-01,Northeast,11.6
2021-09-01,Midwest,19
2021-09-01,South,68.3
2021-09-01,West,36.2
2021-10-01,United States,133.6
2021-10-01,Northeast,10
2021-10-01,Midwest,20.2
2021-10-01,South,67.8
2021-10-01,West,35.5
2021-11-01,United States,130.8
2021-11-01,Northeast,9.1
2021-11-01,Midwest,17
2021-11-01,South,71.7
2021-11-01,West,33
2021-12-01,United States,124.2
2021-12-01,Northeast,10
2021-12-01,Midwest,21.5
2021-12-01,South,66
2021-12-01,West,26.7
2022-01-01,United States,121
2022-01-01,Northeast,7.4
2022-01-01,Midwest,11
2022-01-01,South,69.5
2022-01-01,West,33
2022-02-01,United States,126.1
2022-02-01,Northeast,8.2
2022-02-01,Midwest,13.2
2022-02-01,South,75.1
2022-02-01,West,29.7
2022-03-01,United States,142.6
2022-03-01,Northeast,16.8
2022-03-01,Midwest,17.5
2022-03-01,South,72.7
2022-03-01,West,35.6
2022-04-01,United States,164.3
2022-04-01,Northeast,11.8
2022-04-01,Midwest,19.7
2022-04-01,South,92.7
2022-04-01,West,40
2022-05-01,United States,140.6
2022-05-01,Northeast,11.7
2022-05-01,Midwest,23
2022-05-01,South,76
2022-05-01,West,29.9
2022-06-01,United States,147.4
2022-06-01,Northeast,12.7
2022-06-01,Midwest,21
2022-06-01,South,79.6
2022-06-01,West,34.1
2022-07-01,United States,130.6
2022-07-01,Northeast,21.1
2022-07-01,Midwest,13.7
2022-07-01,South,63.2
2022-07-01,West,32.6